bid,bname,blang,auth_id,auth_name,sid,sub,cat
10067,The Mystery of the Boule Cabinet: A Detective Story,en,,Stevenson| Burton Egbert,,Detective and Mystery,Stevenson| Burton Egbert
1032,The Pupil,en,,James| Henry,,Literary,James| Henry
10379,At Love's Cost,en,,Garvice| Charles,,Literary,Garvice| Charles
10473,The Heart of the Range,en,,White| William Patterson,,Western Stories,White| William Patterson
10812,The Worshipper of the Image,en,,Gallienne| Richard Le,,Literary,Gallienne| Richard Le
10826,The Book-Bills of Narcissus - An Account Rendered by Richard Le Gallienne,en,,Gallienne| Richard Le,,Literary,Gallienne| Richard Le
10943,Elusive Isabel,en,,Futrelle| Jacques,,Detective and Mystery,Futrelle| Jacques
11004,Joe Burke's Last Stand,en,,Wetterau| John Moncure,,Literary,Wetterau| John Moncure
11005,O+F,en,,Wetterau| John Moncure,,Literary,Wetterau| John Moncure
11259,Polly and the Princess,en,,Dowd| Emma C.,,Literary,Dowd| Emma C.
11280,Maggie Miller: The Story of Old Hagar's Secret,en,,Holmes| Mary Jane,,Literary,Holmes| Mary Jane
11520,The Obstacle Race,en,,Dell| Ethel M.,,Literary,Dell| Ethel M.
11581,From out the Vasty Deep,en,,Lowndes| Marie Belloc,,Literary,Lowndes| Marie Belloc
11655,Fate Knocks at the Door: A Novel,en,,Comfort| Will Levington,,Literary,Comfort| Will Levington
11674,The Torrent (Entre Naranjos),en,,Ibez| Vicente Blasco,,Literary,Ibez| Vicente Blasco
1190,The Jolly Corner,en,,James| Henry,,Ghost and Horror,James| Henry
1193,The Coxon Fund,en,,James| Henry,,Literary,James| Henry
11931,The Mystery of Monastery Farm,en,,Naylor| H. R.,,Literary,Naylor| H. R.
11970,Wife in Name Only,en,,Brame| Charlotte M.,,Literary,Brame| Charlotte M.
12102,Darrel of the Blessed Isles,en,,Bacheller| Irving,,Literary,Bacheller| Irving
1218,The Adventures of Jimmie Dale,en,,Packard| Frank L.,,Detective and Mystery,Packard| Frank L.
12181,The Story of Bessie Costrell,en,,Ward| Mrs. Humphry,,Literary,Ward| Mrs. Humphry
12303,Fated to Be Free: A Novel,en,,Ingelow| Jean,,Literary,Ingelow| Jean
12304,Nancy: A Novel,en,,Broughton| Rhoda,,Literary,Broughton| Rhoda
12360,The Top of the World,en,,Dell| Ethel M.,,Literary,Dell| Ethel M.
12450,The Reason Why,en,,Glyn| Elinor,,Literary,Glyn| Elinor
12453,Miriam Monfort - A Novel,en,,Warfield| Catherine A.,,Literary,Warfield| Catherine A.
12470,A Perilous Secret,en,,Reade| Charles,,Literary,Reade| Charles
12520,Deadham Hard: A Romance,en,,Malet| Lucas,,Literary,Malet| Lucas
1253,A Simple Soul,en,,Flaubert| Gustave,,Literary,Flaubert| Gustave
12672,A Spinner in the Sun,en,,Reed| Myrtle,,Literary,Reed| Myrtle
1273,The Autobiography of a Slander,en,,Lyall| Edna,,Literary,Lyall| Edna
12733,Tokyo to Tijuana: Gabriele Departing America,en,,Sills| Steven David Justin,,Literary,Sills| Steven David Justin
12886,The Coquette's Victim - Everyday Life Library No. 1,en,,Brame| Charlotte M,,Literary,Brame| Charlotte M
12935,The Song of the Blood-Red Flower,en,,Linnankoski| Johannes,,Literary,Linnankoski| Johannes
12972,People Like That - A Novel,en,,Bosher| Kate Langley,,Literary,Bosher| Kate Langley
12989,The Lady of Big Shanty,en,,Smith| F. Berkeley,,Literary,Smith| F. Berkeley
13057,The Philanderers,en,,Mason| A. E. W.,,Literary,Mason| A. E. W.
13162,Coralie - Everyday Life Library No. 2,en,,Brame| Charlotte M.,,Literary,Brame| Charlotte M.
13178,Broken to the Plow - A Novel,en,,Dobie| Charles Caldwell,,Literary,Dobie| Charles Caldwell
13212,The Wild Olive: A Novel,en,,King| Basil,,Literary,King| Basil
13257,The American Baron: A Novel,en,,Mille| James De,,Literary,Mille| James De
13273,Out of the Ashes,en,,Grant| Ethel Watts Mumford,,Literary,Grant| Ethel Watts Mumford
13312,The Light That Lures,en,,Brebner| Percy James,,Literary,Brebner| Percy James
13432,Miss Bretherton,en,,Ward| Mrs. Humphry,,Literary,Ward| Mrs. Humphry
13454,Aylwin,en,,Watts-Dunton| Theodore,,Literary,Watts-Dunton| Theodore
13541,The Collected Works of Ambrose Bierce- Volume 1,en,,Bierce| Ambrose,,Literary,Bierce| Ambrose
13572,The Son of Clemenceau- A Novel of Modern Love and Life,en,,Dumas| Alexandre,,Literary,Dumas| Alexandre
13776,One Day  A sequel to 'Three Weeks',en,,Elinor Glyn,,Literary,Elinor Glyn
13913,The Port of Missing Men,en,,Nicholson| Meredith,,Literary,Nicholson| Meredith
1392,The Seven Poor Travellers,en,,Dickens| Charles,,Christmas Stories,Dickens| Charles
13960,Charles Rex,en,,Dell| Ethel M.,,Love and Romance,Dell| Ethel M.
13985,V. V.'s Eyes,en,,Harrison| Henry Sydnor,,Literary,Harrison| Henry Sydnor
14051,The End of the World: A Love Story,en,,Eggleston| Edward,,Love and Romance,Eggleston| Edward
14079,Sandy,en,,Rice| Alice Caldwell Hegan,,Sea and Adventure,Rice| Alice Caldwell Hegan
14145,If Winter Comes,en,,Hutchinson| A. S. M.,,Literary,Hutchinson| A. S. M.
1422,Going into Society,en,,Dickens| Charles,,Literary,Dickens| Charles
14253,Flames,en,,Hichens| Robert,,Literary,Hichens| Robert
14303,Queed - A Novel,en,,Harrison| Henry Sydnor,,Literary,Harrison| Henry Sydnor
14382,The Missing Bride,en,,Southworth| Emma Dorothy Eliza Nevitte,,Literary,Southworth| Emma Dorothy Eliza Nevitte
14395,Septimus,en,,Locke| William John,,Literary,Locke| William John
14420,The Exemplary Novels of Cervantes,en,,Saavedra| Miguel de Cervantes,,Literary,Saavedra| Miguel de Cervantes
14427,True Love's Reward - A Sequel to Mona,en,,Sheldon| Mrs. Georgie,,Literary,Sheldon| Mrs. Georgie
14454,The Doctor's Dilemma,en,,Stretton| Hesba,,Literary,Stretton| Hesba
14490,A Daughter of To-Day,en,,Duncan| Sara Jeannette,,Literary,Duncan| Sara Jeannette
14523,Sister Carmen,en,,Corvus| M.,,Literary,Corvus| M.
14581,The Just and the Unjust,en,,Kester| Vaughan,,Literary,Kester| Vaughan
14605,The Devil's Garden,en,,Maxwell| W. B.,,Literary,Maxwell| W. B.
14669,Jaffery,en,,Locke| William John,,Literary,Locke| William John
14687,Christian's Mistake,en,,Craik| Dinah Maria Mulock,,Literary,Craik| Dinah Maria Mulock
14708,The Laurel Bush: An Old-Fashioned Love Story,en,,Craik| Dinah Maria Mulock,,Love and Romance,Craik| Dinah Maria Mulock
14712,Vandover and the Brute,en,,Norris| Frank,,Literary,Norris| Frank
14852,The Younger Set,en,,Chambers| Robert W.,,Literary,Chambers| Robert W.
14858,The Man Thou Gavest,en,,Comstock| Harriet T.,,Literary,Comstock| Harriet T.
14885,Red Pottage,en,,Cholmondeley| Mary,,Literary,Cholmondeley| Mary
15013,The Keeper of the Door,en,,Dell| Ethel M.,,Literary,Dell| Ethel M.
15067,The Cathedral,en,,Huysmans| J.-K.,,Literary,Huysmans| J.-K.
15094,The Cab of the Sleeping Horse,en,,Scott| John Reed,,Literary,Scott| John Reed
15116,The Jervaise Comedy,en,,Beresford| J. D.,,Literary,Beresford| J. D.
15117,"Sea and Shore - A Sequel to ""Miriam's Memoirs""",en,,Warfield| Catherine A.,,Literary,Warfield| Catherine A.
15123,David Lockwin—The People's Idol,en,,McGovern| John,,Literary,McGovern| John
15179,The Inner Sisterhood - A Social Study in High Colors,en,,Sherley| Douglass,,Literary,Sherley| Douglass
15181,My Mother's Rival - Everyday Life Library No. 4,en,,Brame| Charlotte M.,,Literary,Brame| Charlotte M.
15182,Marion Arleigh's Penance - Everyday Life Library No. 5,en,,Brame| Charlotte M.,,Literary,Brame| Charlotte M.
15183,The Tragedy of the Chain Pier - Everyday Life Library No. 3,en,,Brame| Charlotte M.,,Literary,Brame| Charlotte M.
15244,Lewie - The Bended Twig,en,,Bradford| Sarah H.,,Literary,Bradford| Sarah H.
15275,Bessie's Fortune: A Novel,en,,Holmes| Mary Jane,,Literary,Holmes| Mary Jane
15315,Gladys- the Reaper,en,,Beale| Anne,,Literary,Beale| Anne
15317,The Baronet's Bride- A Woman's Vengeance,en,,Fleming| May Agnes,,Literary,Fleming| May Agnes
15321,Tracy Park: A Novel,en,,Holmes| Mary Jane,,Literary,Holmes| Mary Jane
15430,The Lever: A Novel,en,,Orcutt| William Dana,,Literary,Orcutt| William Dana
15498,Trumps,en,,Curtis| George William,,Literary,Curtis| George William
15527,Captivity,en,,Eyles| Leonora,,Literary,Eyles| Leonora
15671,A Splendid Hazard,en,,MacGrath| Harold,,Literary,MacGrath| Harold
15704,Far to Seek - A Romance of England and India,en,,Diver| Maud,,Literary,Diver| Maud
15743,Bunker Bean,en,,Wilson| Harry Leon,,Literary,Wilson| Harry Leon
15774,Ishmael- In the Depths,en,,Southworth| Emma Dorothy Eliza Nevitte,,Literary,Southworth| Emma Dorothy Eliza Nevitte
15793,An Unpardonable Liar,en,,Parker| Gilbert,,Literary,Parker| Gilbert
15797,The Seeker,en,,Wilson| Harry Leon,,Literary,Wilson| Harry Leon
15799,Walter Harland - Memories of the Past,en,,Caswell| Harriet S.,,Literary,Caswell| Harriet S.
15864,Garman and Worse: A Norwegian Novel,en,,Kielland| Alexander Lange,,Literary,Kielland| Alexander Lange
15875,The Unseen Bridegroom- Wedded For a Week,en,,Fleming| May Agnes,,Literary,Fleming| May Agnes
15895,Allegories of Life,en,,Adams| Mrs. J. S.,,Allegories,Adams| Mrs. J. S.
15934,His Excellency the Minister,en,,Claretie| Jules,,Literary,Claretie| Jules
15941,An Englishwoman's Love-Letters,en,,Housman| Laurence,,Literary,Housman| Laurence
15989,The Fatal Glove,en,,Augusta| Clara,,Literary,Augusta| Clara
16039,The Lost Lady of Lone,en,,Southworth| Emma Dorothy Eliza Nevitte,,Literary,Southworth| Emma Dorothy Eliza Nevitte
16080,Uncle Max,en,,Carey| Rosa Nouchette,,Literary,Carey| Rosa Nouchette
16094,For Woman's Love,en,,Southworth| Emma Dorothy Eliza Nevitte,,Literary,Southworth| Emma Dorothy Eliza Nevitte
16137,The Hoyden,en,,Duchess|,,Literary,Duchess|
16138,The Cromptons,en,,Holmes| Mary Jane,,Literary,Holmes| Mary Jane
16143,A Man and a Woman,en,,Waterloo| Stanley,,Literary,Waterloo| Stanley
16217,Prince Fortunatus,en,,Black| William,,Literary,Black| William
16252,Jan: A Dog and a Romance,en,,Dawson| A. J.,,Literary,Dawson| A. J.
16283,Idolatry: A Romance,en,,Hawthorne| Julian,,Literary,Hawthorne| Julian
1634,The Foolish Virgin,en,,Dixon| Thomas,,Literary,Dixon| Thomas
16345,Ellen Walton - The Villain and His Victims,en,,Addison| Alvin,,Literary,Addison| Alvin
16381,The Summons,en,,Mason| A. E. W.,,Literary,Mason| A. E. W.
16398,What Necessity Knows,en,,Dougall| L.,,Literary,Dougall| L.
16403,Led Astray and The Sphinx - Two Novellas In One Volume,en,,Feuillet| Octave,,Literary,Feuillet| Octave
16453,The Measure of a Man,en,,Barr| Amelia E.,,Literary,Barr| Amelia E.
16497,The Moon out of Reach,en,,Pedler| Margaret,,Love and Romance,Pedler| Margaret
16554,Foes,en,,Johnston| Mary,,Literary,Johnston| Mary
16574,The Twins - A Domestic Novel,en,,Tupper| Martin Farquhar,,Literary,Tupper| Martin Farquhar
16612,The Lee Shore,en,,Macaulay| Rose,,Literary,Macaulay| Rose
16662,Bad Hugh,en,,Holmes| Mary Jane,,Literary,Holmes| Mary Jane
16676,Eveline Mandeville - The Horse Thief Rival,en,,Addison| Alvin,,Literary,Addison| Alvin
16682,Adrien Leroy,en,,Garvice| Charles,,Literary,Garvice| Charles
16703,A Comedy of Masks: A Novel,en,,Dowson| Ernest Christopher| Moore| Arthur,,Literary,Dowson| Ernest Christopher| Moore| Arthur
16719,The Husbands of Edith,en,,McCutcheon| George Barr,,Literary,McCutcheon| George Barr
16720,Marzio's Crucifix and Zoroaster,en,,Crawford| F. Marion,,Literary,Crawford| F. Marion
16730,Mike Fletcher: A Novel,en,,Moore| George Augustus,,Literary,Moore| George Augustus
16771,Jacqueline of Golden River,en,,Egbert| H. M.,,Literary,Egbert| H. M.
16788,My Little Lady,en,,Poynter| E. Frances,,Literary,Poynter| E. Frances
16798,Elster's Folly: A Novel,en,,Wood| Mrs. Henry,,Literary,Wood| Mrs. Henry
16799,Dangerous Ages,en,,Macaulay| Rose,,Literary,Macaulay| Rose
16803,Lydia of the Pines,en,,Morrow| Honor,,Literary,Morrow| Honor
16836,Mark Hurdlestone - The Two Brothers,en,,Moodie| Susanna,,Literary,Moodie| Susanna
16909,The Halo,en,,Hutten| Bettina Von,,Literary,Hutten| Bettina Von
16919,The Bradys and the Girl Smuggler Working for the Custom House,en,,Doughty| Francis Worcester,,Detective and Mystery,Doughty| Francis Worcester
16968,The Bad Man: A Novel,en,,Browne| Porter Emerson| Towne| Charles Hanson,,Literary,Browne| Porter Emerson| Towne| Charles Hanson
1699,The Vanished Messenger,en,,Oppenheim| E. Phillips,,Detective and Mystery,Oppenheim| E. Phillips
16993,Miss Dexie - A Romance of the Provinces,en,,Eveleth| Stanford,,Literary,Eveleth| Stanford
17047,The Half-Hearted,en,,Buchan| John,,Sea and Adventure,Buchan| John
17048,The Man and the Moment,en,,Glyn| Elinor,,Literary,Glyn| Elinor
17062,The Crock of Gold - A Rural Novel,en,,Tupper| Martin Farquhar,,Literary,Tupper| Martin Farquhar
17084,Guy Livingstone'Thorough',en,,Lawrence| George A.,,Literary,Lawrence| George A.
17141,Destiny,en,,Buck| Charles Neville,,Literary,Buck| Charles Neville
17191,The Actress in High Life - An Episode in Winter Quarters,en,,Bowen| Sue Petigru,,Literary,Bowen| Sue Petigru
17241,Atlantis,en,,Hauptmann| Gerhart,,Literary,Hauptmann| Gerhart
17308,Sunrise,en,,Black| William,,Literary,Black| William
17359,Arms and the Woman,en,,MacGrath| Harold,,Love and Romance,MacGrath| Harold
17390,Hearts and Masks,en,,MacGrath| Harold,,Literary,MacGrath| Harold
17402,The Adventures of Kathlyn,en,,MacGrath| Harold,,Literary,MacGrath| Harold
 and Blue Blood,The Thin Red Line,en,,Literary,,pg17434.epub,Literary
17446,The Second Honeymoon,en,,Ayres| Ruby M.,,Literary,Ayres| Ruby M.
1747,The Red Seal,en,,Lincoln| Natalie Sumner,,Literary,Lincoln| Natalie Sumner
1748,Other People's Money,en,,Gaboriau| Emile,,Detective and Mystery,Gaboriau| Emile
17559,On the Church Steps,en,,Hallowell| Sarah C.,,Literary,Hallowell| Sarah C.
17564,By the Light of the Soul: A Novel,en,,Freeman| Mary Eleanor Wilkins,,Literary,Freeman| Mary Eleanor Wilkins
17642,Romance,en,,Conrad| Joseph| Ford| Ford Madox,,Literary,Conrad| Joseph| Ford| Ford Madox
17698,Bella Donna: A Novel,en,,Hichens| Robert,,Literary,Hichens| Robert
17745,The Courage of Marge O'Doone,en,,Curwood| James Oliver,,Literary,Curwood| James Oliver
17806,Foes in Ambush,en,,King| Charles,,Literary,King| Charles
17938,Contrary Mary,en,,Bailey| Temple,,Literary,Bailey| Temple
18022,Betty at Fort Blizzard,en,,Seawell| Molly Elliot,,Literary,Seawell| Molly Elliot
18052,Medoline Selwyn's Work,en,,Colter| Mrs. J. J.,,Literary,Colter| Mrs. J. J.
18054,The Zeit-Geist,en,,Dougall| L.,,Literary,Dougall| L.
1809,Bucky O'Connor: A Tale of the Unfenced Border,en,,Raine| William MacLeod,,Western Stories,Raine| William MacLeod
18239,The Road to Mandalay - A Tale of Burma,en,,Croker| B. M.,,Literary,Croker| B. M.
18259,Gentle Julia,en,,Tarkington| Booth,,Literary,Tarkington| Booth
18280,Enter Bridget,en,,Cobb| Thomas,,Literary,Cobb| Thomas
1832,The Case of the Lamp That Went Out,en,,Groner| Auguste,,Detective and Mystery,Groner| Auguste
1833,The Case of the Registered Letter,en,,Groner| Auguste,,Detective and Mystery,Groner| Auguste
18336,The Lighted Match,en,,Buck| Charles Neville,,Literary,Buck| Charles Neville
1834,The Case of the Pocket Diary Found in the Snow,en,,Groner| Auguste,,Detective and Mystery,Groner| Auguste
1835,The Case of the Pool of Blood in the Pastor's Study,en,,Groner| Auguste,,Detective and Mystery,Groner| Auguste
1836,The Case of the Golden Bullet,en,,Groner| Auguste,,Detective and Mystery,Groner| Auguste
18434,A Melody in Silver,en,,Abbott| Keene,,Literary,Abbott| Keene
18443,Parrot & Co.,en,,MacGrath| Harold,,Literary,MacGrath| Harold
18449,The Treasure of Heaven: A Romance of Riches,en,,Corelli| Marie,,Literary,Corelli| Marie
1846,The Vision Splendid,en,,Raine| William MacLeod,,Western Stories,Raine| William MacLeod
18488,The Place Beyond the Winds,en,,Comstock| Harriet T.,,Literary,Comstock| Harriet T.
18489,A Court of Inquiry,en,,Richmond| Grace S.,,Literary,Richmond| Grace S.
1849,The Yellow Crayon,en,,Oppenheim| E. Phillips,,Detective and Mystery,Oppenheim| E. Phillips
1851,The Woman in the Alcove,en,,Green| Anna Katharine,,Detective and Mystery,Green| Anna Katharine
18545,A Mummer's Tale,en,,France| Anatole,,Literary,France| Anatole
1857,Initials Only,en,,Green| Anna Katharine,,Detective and Mystery,Green| Anna Katharine
18572,The President: A Novel,en,,Lewis| Alfred Henry,,Literary,Lewis| Alfred Henry
18705,The Poor Plutocrats,en,,Jkai| Mr,,Literary,Jkai| Mr
18708,Dr. Dumany's Wife,en,,Jkai| Mr,,Literary,Jkai| Mr
1875,Painted Windows,en,,Peattie| Elia Wilkinson,,Literary,Peattie| Elia Wilkinson
1878,A Millionaire of Yesterday,en,,Oppenheim| E. Phillips,,Detective and Mystery,Oppenheim| E. Phillips
18822,The House of Martha,en,,Stockton| Frank Richard,,Literary,Stockton| Frank Richard
18829,Winner Take All,en,,Evans| Larry,,Literary,Evans| Larry
1888,The Bittermeads Mystery,en,,Punshon| E. R.,,Detective and Mystery,Punshon| E. R.
18894,Then I'll Come Back to You,en,,Evans| Larry,,Literary,Evans| Larry
1897,The Seventh Man,en,,Brand| Max,,Western Stories,Brand| Max
18984,The Starbucks,en,,Read| Opie Percival,,Literary,Read| Opie Percival
19121,Sword and Gown: A Novel,en,,Lawrence| George A.,,Literary,Lawrence| George A.
19147,The House in the Mist,en,,Green| Anna Katharine,,Detective and Mystery,Green| Anna Katharine
19173,The Cow Puncher,en,,Stead| Robert J. C.,,Literary,Stead| Robert J. C.
19204,Lady Larkspur,en,,Nicholson| Meredith,,Literary,Nicholson| Meredith
19224,The Alchemist's Secret,en,,Williams| Isabel Cecilia,,Literary,Williams| Isabel Cecilia
19225,Joyce of the North Woods,en,,Comstock| Harriet T.,,Literary,Comstock| Harriet T.
19257,Michael McGrath- Postmaster,en,,Connor| Ralph,,Literary,Connor| Ralph
19259,His Heart's Queen,en,,Sheldon| Mrs. Georgie,,Literary,Sheldon| Mrs. Georgie
19459,Born Again,en,,Lawson| Alfred W.,,Literary,Lawson| Alfred W.
19472,Branded,en,,Lynde| Francis,,Western Stories,Lynde| Francis
19510,North of Fifty-Three,en,,Sinclair| Bertrand W.,,Literary,Sinclair| Bertrand W.
19512,Kate Danton- Captain Danton's Daughters: A Novel,en,,Fleming| May Agnes,,Literary,Fleming| May Agnes
1960,Sight Unseen,en,,Rinehart| Mary Roberts,,Detective and Mystery,Rinehart| Mary Roberts
1963,The Confession,en,,Rinehart| Mary Roberts,,Detective and Mystery,Rinehart| Mary Roberts
19818,Dixie Hart,en,,Harben| Will N.,,Literary,Harben| Will N.
20235,Heart - A Social Novel,en,,Tupper| Martin Farquhar,,Literary,Tupper| Martin Farquhar
20257,A Political Romance,en,,Sterne| Laurence,,Literary,Sterne| Laurence
20359,The Lovely Lady,en,,Austin| Mary Hunter,,Literary,Austin| Mary Hunter
20424,A Son of the Hills,en,,Comstock| Harriet T.,,Literary,Comstock| Harriet T.
20429,The Seventh Noon,en,,Bartlett| Frederick Orin,,Literary,Bartlett| Frederick Orin
20458,The Triflers,en,,Bartlett| Frederick Orin,,Literary,Bartlett| Frederick Orin
20462,Ernest Linwood- The Inner Life of the Author,en,,Hentz| Caroline Lee,,Literary,Hentz| Caroline Lee
20610,The Complete Prose Works of Martin Farquhar Tupper,en,,Tupper| Martin Farquhar,,Literary,Tupper| Martin Farquhar
20615,The Master-Knot of Human Fate,en,,Meredith| Ellis,,Literary,Meredith| Ellis
20661,The Romance of an Old Fool,en,,Field| Roswell Martin,,Love and Romance,Field| Roswell Martin
20835,The Monctons: A Novel. Volume 1 (of 2),en,,Moodie| Susanna,,Literary,Moodie| Susanna
20901,In Apple-Blossom Time: A Fairy-Tale to Date,en,,Burnham| Clara Louise,,Love and Romance,Burnham| Clara Louise
21067,Overdue: The Story of a Missing Ship,en,,Collingwood| Harry,,Sea and Adventure,Collingwood| Harry
21087,The Ghost Ship: A Mystery of the Sea,en,,Hutcheson| John C.,,Sea and Adventure,Hutcheson| John C.
2155,Phyllis of Philistia,en,,Moore| Frank Frankfort,,Literary,Moore| Frank Frankfort
21578,Rattlin the Reefer,en,,Howard| Edward,,Sea and Adventure,Howard| Edward
21613,On the Stairs,en,,Fuller| Henry Blake,,Literary,Fuller| Henry Blake
21641,April's Lady: A Novel,en,,Duchess|,,Literary,Duchess|
21674,The Making of a Soul,en,,Rhodes| Kathlyn,,Literary,Rhodes| Kathlyn
21689,The Tyranny of Weakness,en,,Buck| Charles Neville,,Literary,Buck| Charles Neville
21690,Flint: His Faults- His Friendships and His Fortunes,en,,Goodwin| Maud Wilder,,Literary,Goodwin| Maud Wilder
21767,Agatha's Husband: A Novel,en,,Craik| Dinah Maria Mulock,,Literary,Craik| Dinah Maria Mulock
21821,The Mark Of Cain,en,,Lang| Andrew,,Literary,Lang| Andrew
21858,The Daughters of Danaus,en,,Caird| Mona,,Literary,Caird| Mona
21867,Afterwards,en,,Rhodes| Kathlyn,,Literary,Rhodes| Kathlyn
21870,Luna Benamor,en,,Ibez| Vicente Blasco,,Literary,Ibez| Vicente Blasco
21887,Blacksheep! Blacksheep!,en,,Nicholson| Meredith,,Sea and Adventure,Nicholson| Meredith
21932,Embarrassments,en,,James| Henry,,Literary,James| Henry
21944,The Pleasant Street Partnership: A Neighborhood Story,en,,Leonard| Mary Finley,,Literary,Leonard| Mary Finley
22158,The Lure of the Mask,en,,MacGrath| Harold,,Literary,MacGrath| Harold
22202,Aunt Rachel - A Rustic Sentimental Comedy,en,,Murray| David Christie,,Literary,Murray| David Christie
22205,In Direst Peril,en,,Murray| David Christie,,Literary,Murray| David Christie
22206,An Old Meerschaum - From Coals Of Fire And Other Stories- Volume II. (of III.),en,,Murray| David Christie,,Literary,Murray| David Christie
22207,The Romance Of Giovanni Calvotti - From Coals Of Fire And Other Stories- Volume II. (of III.),en,,Murray| David Christie,,Literary,Murray| David Christie
22208,Cruel Barbara Allen - From Coals Of Fire And Other Stories- Volume II. (of III.),en,,Murray| David Christie,,Literary,Murray| David Christie
22214,Molly Bawn,en,,Duchess| ,,Literary,Duchess| 
22221,Oswald Langdon - Pierre and Paul Lanier. A Romance of 1894-1898,en,,Hamilton| Levi Jackson,,Literary,Hamilton| Levi Jackson
22271,"Schwartz: A History - From ""Schwartz"" by David Christie Murray",en,,Murray| David Christie,,Literary,Murray| David Christie
22272,"Young Mr. Barter's Repentance - From ""Schwartz"" by David Christie Murray",en,,Murray| David Christie,,Literary,Murray| David Christie
22273,"Bulldog And Butterfly - From ""Schwartz"" by David Christie Murray",en,,Murray| David Christie,,Literary,Murray| David Christie
22274,"Julia And Her Romeo: A Chronicle Of Castle Barfield - From ""Schwartz"" by David Christie Murray",en,,Murray| David Christie,,Literary,Murray| David Christie
22275,VC — A Chronicle of Castle Barfield and of the Crimea,en,,Murray| David Christie,,Literary,Murray| David Christie
22276,Despair's Last Journey,en,,Murray| David Christie,,Literary,Murray| David Christie
22476,"The Tale Of Mr. Peter Brown - Chelsea Justice - From ""The New Decameron""|| Volume III.",en,,Sackville-West| Vita,,Literary,Sackville-West| Vita
22532,Mary Louise and Josie O'Gorman,en,,Sampson| Emma Speed,,Literary,Sampson| Emma Speed
22660,King Candaules,en,,Gautier| Thophile,,Literary,Gautier| Thophile
22781,32 Caliber,en,,McGibeny| Donald,,Literary,McGibeny| Donald
2287,Havoc,en,,Oppenheim| E. Phillips,,Detective and Mystery,Oppenheim| E. Phillips
22883,Doctor Luttrell's First Patient,en,,Carey| Rosa Nouchette,,Love and Romance,Carey| Rosa Nouchette
22961,Nell- of Shorne Mills- One Heart's Burden,en,,Garvice| Charles,,Literary,Garvice| Charles
23009,A Modern Idyll,en,,Harris| Frank,,Literary,Harris| Frank
23010,Gulmore- The Boss,en,,Harris| Frank,,Literary,Harris| Frank
23012,Elder Conklin,en,,Harris| Frank,,Literary,Harris| Frank
23106,Helen and Arthur- Miss Thusa's Spinning Wheel,en,,Hentz| Caroline Lee,,Literary,Hentz| Caroline Lee
23118,A Chinese Command: A Story of Adventure in Eastern Seas,en,,Collingwood| Harry,,Sea and Adventure,Collingwood| Harry
23157,Other People's Business: The Romantic Career of the Practical Miss Dale,en,,Smith| Harriet L.,,Literary,Smith| Harriet L.
23215,Old Ebenezer,en,,Read| Opie Percival,,Literary,Read| Opie Percival
23222,The Fête At Coqueville - 1907,en,,Zola| ile,,Literary,Zola| ile
23223,Good Blood,en,,Wildenbruch| Ernst von,,Literary,Wildenbruch| Ernst von
23246,Mistress Anne,en,,Bailey| Temple,,Literary,Bailey| Temple
23420,The Folly Of Eustace - 1896,en,,Hichens| Robert,,Literary,Hichens| Robert
23606,The Man Next Door,en,,Hough| Emerson,,Literary,Hough| Emerson
23629,The Riddle Of The Rocks - 1895,en,,Murfree| Mary Noailles,,Literary,Murfree| Mary Noailles
23630,The Phantoms Of The Foot-Bridge - 1895,en,,Murfree| Mary Noailles,,Literary,Murfree| Mary Noailles
23631,The Moonshiners At Hoho-Hebee Falls - 1895,en,,Murfree| Mary Noailles,,Literary,Murfree| Mary Noailles
23632,'way Down In Lonesome Cove - 1895,en,,Murfree| Mary Noailles,,Literary,Murfree| Mary Noailles
23633,"His ""Day In Court"" - 1895",en,,Murfree| Mary Noailles,,Literary,Murfree| Mary Noailles
23664,Flamsted quarries,en,,Waller| Mary E.,,Literary,Waller| Mary E.
23736,The Dew of Their Youth,en,,Crockett| S. R.,,Literary,Crockett| S. R.
23741,David Malcolm,en,,Lloyd| Nelson,,Literary,Lloyd| Nelson
23745,Aladdin & Co.: A Romance of Yankee Magic,en,,Quick| Herbert,,Literary,Quick| Herbert
23789,Cruel As The Grave,en,,Southworth| Emma Dorothy Eliza Nevitte,,Literary,Southworth| Emma Dorothy Eliza Nevitte
23797,A True Friend: A Novel,en,,Sergeant| Adeline,,Literary,Sergeant| Adeline
24769,The Opal Serpent,en,,Hume| Fergus,,Detective and Mystery,Hume| Fergus
24920,The Book of All-Power,en,,Wallace| Edgar,,Literary,Wallace| Edgar
25702,The Kingdom Round the Corner: A Novel,en,,Ashford| Angela| Ashford| Daisy,,Literary,Ashford| Angela| Ashford| Daisy
25730,An Apostate: Nawin of Thais,en,,Dawson| Coningsby,,Literary,Dawson| Coningsby
26259,Her Mother's Secret,en,,Hume| Fergus,,Literary,Hume| Fergus
26277,Margarita's Soul: The Romantic Recollections of a Man of Fifty,en,,Southworth| Emma Dorothy Eliza Nevitte,,Literary,Southworth| Emma Dorothy Eliza Nevitte
26306,Simon,en,,Bacon| Josephine Daskam,,Detective and Mystery,Bacon| Josephine Daskam
26482,Madeline Payne- the Detective's Daughter,en,,Lynch| Lawrence L.,,Detective and Mystery,Lynch| Lawrence L.
2675,Burlesques,en,,Lynch| Lawrence L.,,Literary,Lynch| Lawrence L.
26768,Ringfield: A Novel,en,,Thackeray| William Makepeace,,Literary,Thackeray| William Makepeace
26828,A Red Wallflower,en,,Harrison| S. Frances,,Literary,Harrison| S. Frances
26847,A Pessimist in Theory and Practice,en,,Warner| Susan,,Literary,Warner| Susan
26925,The Bradys Beyond Their Depth- The Great Swamp Mystery,en,,Bird| Frederic Mayer,,Detective and Mystery,Bird| Frederic Mayer
27323,Bird of Paradise,en,,Seltzer| Charles Alden,,Literary,Seltzer| Charles Alden
27507,The Giant's Robe,en,,Sabin| Edwin L.,,Literary,Sabin| Edwin L.
27549,The Seven Secrets,en,,Anstey| F.,,Detective and Mystery,Anstey| F.
27709,Five O'Clock Tea: Farce,en,,Queux| William Le,,Literary,Queux| William Le
27838,A Bachelor's Dream,en,,Howells| William Dean,,Literary,Howells| William Dean
27857,The Dominant Dollar,en,,Duchess|,,Literary,Duchess|
27909,Dick Leslie's Luck: A Story of Shipwreck and Adventure,en,,Lillibridge| Will,,Sea and Adventure,Lillibridge| Will
28229,Anderson Crow- Detective,en,,Morris| Gouverneur,,Detective and Mystery,Morris| Gouverneur
28236,A Romantic Young Lady,en,,McCutcheon| George Barr,,Literary,McCutcheon| George Barr
28301,The Beloved Woman,en,,Grant| Robert,,Literary,Grant| Robert
28459,In Brief Authority,en,,Norris| Kathleen Thompson,,Literary,Norris| Kathleen Thompson
28463,Not Like Other Girls,en,,Anstey| F.,,Literary,Anstey| F.
28465,The Limit,en,,Leverson| Ada,,Literary,Leverson| Ada
28509,The Brass Bound Box,en,,Raymond| Evelyn,,Literary,Raymond| Evelyn
28717,Wee Wifie,en,,Carey| Rosa Nouchette,,Literary,Carey| Rosa Nouchette
28925,Lover or Friend,en,,Carey| Rosa Nouchette,,Literary,Carey| Rosa Nouchette
 Nirvana,Chit-Chat,en,,pg29071.epub,, The Searchlight,pg29071.epub
29207,Cleo The Magnificent- The Muse of the Real: A Novel,en,,Zangwill| Louis,,Literary,Zangwill| Louis
29219,The First Violin - A Novel,en,,Fothergill| Jessie,,Literary,Fothergill| Jessie
29274,People of Position,en,,Hyatt| Stanley Portal,,Literary,Hyatt| Stanley Portal
29315,Australia Revenged,en,,Boomerang|,,Literary,Boomerang|
29323,An Old Sailor's Yarns,en,,Ames| N.,,Sea and Adventure,Ames| N.
29366,The Prisoner,en,,Brown| Alice,,Literary,Brown| Alice
29400,Murder Point: A Tale of Keewatin,en,,Dawson| Coningsby,,Detective and Mystery,Dawson| Coningsby
29570,Rope,en,,Hall| Holworthy,,Literary,Hall| Holworthy
29646,Once to Every Man,en,,Evans| Larry,,Literary,Evans| Larry
29657,Mixed Faces,en,,Norton| Roy,,Literary,Norton| Roy
29671,Nobody,en,,Vance| Louis Joseph,,Literary,Vance| Louis Joseph
29695,The Hound From The North,en,,Cullum| Ridgwell,,Literary,Cullum| Ridgwell
29697,The Heart of Thunder Mountain,en,,Bingham| Edfrid A.,,Literary,Bingham| Edfrid A.
29699,Hetty's Strange History,en,,Jackson| Helen Hunt,,Literary,Jackson| Helen Hunt
29715,The Princess Virginia,en,,Williamson| A. M.| Williamson| C. N.,,Literary,Williamson| A. M.| Williamson| C. N.
29726,The Strollers,en,,Isham| Frederic Stewart,,Literary,Isham| Frederic Stewart
29729,Victor's Triumph - Sequel to A Beautiful Fiend,en,,Southworth| Emma Dorothy Eliza Nevitte,,Literary,Southworth| Emma Dorothy Eliza Nevitte
29743,The Missionary,en,,Griffith| George Chetwynd,,Literary,Griffith| George Chetwynd
29753,The Gorgeous Girl,en,,Bartley| Nalbro,,Literary,Bartley| Nalbro
29760,The Dominant Strain,en,,Ray| Anna Chapin,,Literary,Ray| Anna Chapin
29766,Audrey Craven,en,,Sinclair| May,,Literary,Sinclair| May
29808,The Man Who Wins,en,,Herrick| Robert,,Literary,Herrick| Robert
29847,The Paliser case,en,,Saltus| Edgar,,Literary,Saltus| Edgar
29851,Dwellers in the Hills,en,,Post| Melville Davisson,,Literary,Post| Melville Davisson
29860,A Great Man: A Frolic,en,,Bennett| Arnold,,Literary,Bennett| Arnold
29862,The Old Countess- The Two Proposals,en,,Stephens| Ann S.,,Literary,Stephens| Ann S.
29868,Love and Lucy,en,,Hewlett| Maurice,,Literary,Hewlett| Maurice
29880,The Crimson Tide: A Novel,en,,Chambers| Robert W.,,Literary,Chambers| Robert W.
29890,The Doctor's Family,en,,Oliphant| Mrs.,,Literary,Oliphant| Mrs.
29891,The Rector,en,,Oliphant| Mrs.,,Literary,Oliphant| Mrs.
29902,Changing Winds - A Novel,en,,Ervine| St. John G.,,Literary,Ervine| St. John G.
29945,Jan and Her Job,en,,Harker| L. Allen,,Literary,Harker| L. Allen
30031,The Eye of Dread,en,,Erskine| Payne,,Literary,Erskine| Payne
30037,In the Shadow of the Hills,en,,Shedd| George C.,,Literary,Shedd| George C.
30074,Jessica- the Heiress,en,,Raymond| Evelyn,,Literary,Raymond| Evelyn
30075,Our Next-Door Neighbors,en,,Maniates| Belle Kanaris,,Literary,Maniates| Belle Kanaris
30087,Amaryllis at the Fair,en,,Jefferies| Richard,,Literary,Jefferies| Richard
30089,Young Barbarians,en,,Maclaren| Ian,,Literary,Maclaren| Ian
30090,Robinetta,en,,Findlater| Jane Helen| Findlater| Mary| McAulay| Allan| Wiggin| Kate Douglas Smith,,Literary,Findlater| Jane Helen| Findlater| Mary| McAulay| Allan| Wiggin| Kate Douglas Smith
30095,At the Crossroads,en,,Comstock| Harriet T.,,Literary,Comstock| Harriet T.
30106,The Vast Abyss - The Story of Tom Blount- his Uncles and his Cousin Sam,en,,Fenn| George Manville,,Literary,Fenn| George Manville
30108,The Quality of Mercy,en,,Howells| William Dean,,Literary,Howells| William Dean
30110,Name and Fame: A Novel,en,,Sergeant| Adeline,,Literary,Sergeant| Adeline
30111,A Noble Woman,en,,Stephens| Ann S.,,Literary,Stephens| Ann S.
30115,Tante,en,,Sedgwick| Anne Douglas,,Literary,Sedgwick| Anne Douglas
30137,Daisy Brooks- A Perilous Love,en,,Libbey| Laura Jean,,Sea and Adventure,Libbey| Laura Jean
30183,A Manual of the Art of Fiction,en,,Hamilton| Clayton Meeker,,Literary,Hamilton| Clayton Meeker
30193,East of the Shadows,en,,Barclay| Mrs. Hubert,,Literary,Barclay| Mrs. Hubert
30228,Officer 666,en,,Currie| Barton Wood| McHugh| Augustin,,Literary,Currie| Barton Wood| McHugh| Augustin
30245,Phemie Frost's Experiences,en,,Stephens| Ann S.,,Literary,Stephens| Ann S.
30247,Mabel's Mistake,en,,Stephens| Ann S.,,Literary,Stephens| Ann S.
30263,A Captain in the Ranks: A Romance of Affairs,en,,Eggleston| George Cary,,Literary,Eggleston| George Cary
30286,The Phantom Lover,en,,Ayres| Ruby M.,,Literary,Ayres| Ruby M.
30302,The Benefactress,en,,Arnim| Elizabeth Von,,Literary,Arnim| Elizabeth Von
30436,Hope Mills- Between Friend and Sweetheart,en,,Douglas| Amanda M.,,Literary,Douglas| Amanda M.
30448,The Lieutenant-Governor: A Novel,en,,Carryl| Guy Wetmore,,Literary,Carryl| Guy Wetmore
30464,A Manifest Destiny,en,,Magruder| Julia,,Literary,Magruder| Julia
30466,Wild Oranges,en,,Hergesheimer| Joseph,,Literary,Hergesheimer| Joseph
30483,Outside Inn,en,,Kelley| Ethel M.,,Literary,Kelley| Ethel M.
305,The Count's Millions,en,,Gaboriau| Emile,,Detective and Mystery,Gaboriau| Emile
30600,The Pines of Lory,en,,Mitchell| John Ames,,Literary,Mitchell| John Ames
30617,A Danish Parsonage,en,,Vicary| John Fulford,,Literary,Vicary| John Fulford
30618,Wings of the Wind,en,,Harris| Credo Fitch,,Literary,Harris| Credo Fitch
30627,In the Heart of a Fool,en,,White| William Allen,,Literary,White| William Allen
30640,Anything Once,en,,Ostrander| Isabel,,Literary,Ostrander| Isabel
30648,An Ocean Tramp,en,,McFee| William,,Literary,McFee| William
30668,Daisy's Necklace- and What Came of It,en,,Aldrich| Thomas Bailey,,Literary,Aldrich| Thomas Bailey
30692,Sir Tom,en,,Oliphant| Mrs.,,Literary,Oliphant| Mrs.
30704,The Record of Nicholas Freydon - An Autobiography,en,,Dawson| A. J.,,Literary,Dawson| A. J.
30713,Captain Pott's Minister,en,,Cooper| Francis L.,,Literary,Cooper| Francis L.
30724,Absolution,en,,Viebig| Clara,,Literary,Viebig| Clara
30733,The Fate of Felix Brand,en,,Kelly| Florence Finch,,Literary,Kelly| Florence Finch
30736,Clark's Field,en,,Herrick| Robert,,Literary,Herrick| Robert
30776,Materials and Methods of Fiction - With an Introduction by Brander Matthews,en,,Hamilton| Clayton Meeker,,Literary,Hamilton| Clayton Meeker
30817,The Beggar Man,en,,Ayres| Ruby M.,,Literary,Ayres| Ruby M.
30838,Ashton-Kirk- Criminologist,en,,McIntyre| John Thomas,,Detective and Mystery,McIntyre| John Thomas
30980,Kidnapped at the Altar- The Romance of that Saucy Jessie Bain,en,,Libbey| Laura Jean,,Sea and Adventure,Libbey| Laura Jean
31004,Ten Thousand a-Year. Volume 1.,en,,Warren| Samuel,,Literary,Warren| Samuel
31083,The Recipe for Diamonds,en,,Hyne| Charles John Cutcliffe Wright,,Sea and Adventure,Hyne| Charles John Cutcliffe Wright
31241,Aliens,en,,McFee| William,,Literary,McFee| William
31561,Cupid's Middleman,en,,Lent| Edward B.,,Literary,Lent| Edward B.
31563,"Walladmor- Vol. 1 (of 2) - ""Freely Translated into German from the English of Sir Walter Scott."" And Now Freely Translated from the German into English.",en,,Alexis| Willibald,,Literary,Alexis| Willibald
31568,"Walladmor- Vol. 2 (of 2) - ""Freely Translated into German from the English of Sir Walter Scott."" And Now Freely Translated from the German into English.",en,,Alexis| Willibald,,Literary,Alexis| Willibald
31578,Room Number 3- and Other Detective Stories,en,,Green| Anna Katharine,,Detective and Mystery,Green| Anna Katharine
31668,The Serapion Brethren- Vol. II,en,,Hoffmann| E. T. A.,,Literary,Hoffmann| E. T. A.
31813,Checkers: A Hard-luck Story,en,,Blossom| Henry,,Literary,Blossom| Henry
31820,The Serapion Brethren- Vol. I.,en,,Hoffmann| E. T. A.,,Literary,Hoffmann| E. T. A.
31825,Portia- By Passions Rocked,en,,Duchess|,,Literary,Duchess|
31915,An Artist in Crime,en,,Ottolengui| Rodrigues,,Detective and Mystery,Ottolengui| Rodrigues
31927,The Portal of Dreams,en,,Buck| Charles Neville,,Literary,Buck| Charles Neville
31984,A Life Sentence: A Novel,en,,Sergeant| Adeline,,Literary,Sergeant| Adeline
32042,Captain Macedoine's Daughter,en,,McFee| William,,Literary,McFee| William
32082,A Rent In A Cloud,en,,Lever| Charles James,,Literary,Lever| Charles James
32114,Command,en,,McFee| William,,Sea and Adventure,McFee| William
32115,Rose MacLeod,en,,Brown| Alice,,Literary,Brown| Alice
32116,When the Cock Crows,en,,Baily| Waldron,,Literary,Baily| Waldron
32132,Long Live the King!,en,,Boothby| Guy,,Literary,Boothby| Guy
32424,Arthur O'Leary: His Wanderings And Ponderings In Many Lands,en,,Lever| Charles James,,Literary,Lever| Charles James
32428,The Brightener,en,,Williamson| A. M.| Williamson| C. N.,,Literary,Williamson| A. M.| Williamson| C. N.
32516,A Marriage at Sea,en,,Russell| William Clark,,Sea and Adventure,Russell| William Clark
32560,Gerald Fitzgerald- the Chevalier: A Novel,en,,Viebig| Clara,,Sea and Adventure,Viebig| Clara
32576,A Novelist on Novels,en,,George| Walter Lionel,,Literary,George| Walter Lionel
32692,A Day's Ride: A Life's Romance,en,,Lever| Charles James,,Literary,Lever| Charles James
32693,That Boy Of Norcott's,en,,Lever| Charles James,,Literary,Lever| Charles James
32732,Jacob's Ladder,en,,Oppenheim| E. Phillips,,Detective and Mystery,Oppenheim| E. Phillips
32757,"Tried for Her Life - A Sequel to ""Cruel As the Grave""",en,,Southworth| Emma Dorothy Eliza Nevitte,,Literary,Southworth| Emma Dorothy Eliza Nevitte
32826,Fairfax and His Pride: A Novel,en,,Vorst| Marie Van,,Literary,Vorst| Marie Van
32840,One Of Them,en,,Lever| Charles James,,Literary,Lever| Charles James
32882,Lady Cassandra,en,,Vaizey| Mrs. George de Horne,,Literary,Vaizey| Mrs. George de Horne
32915,Sir Hilton's Sin,en,,Fenn| George Manville,,Literary,Fenn| George Manville
32917,The Sapphire Cross,en,,Fenn| George Manville,,Literary,Fenn| George Manville
32929,Thereby Hangs a Tale. Volume One,en,,Fenn| George Manville,,Literary,Fenn| George Manville
32936,An Unknown Lover,en,,Vaizey| Mrs. George de Horne,,Literary,Vaizey| Mrs. George de Horne
33004,The Red Rat's Daughter,en,,Boothby| Guy,,Detective and Mystery,Boothby| Guy
33019,The Green God,en,,Kummer| Frederic Arnold,,Detective and Mystery,Kummer| Frederic Arnold
33081,Sir Jasper Carew: His Life and Experience,en,,Lever| Charles James,,Literary,Lever| Charles James
33099,The Truth About Tristrem Varick: A Novel,en,,Saltus| Edgar,,Literary,Saltus| Edgar
33195,Was It Right to Forgive? A Domestic Romance,en,,Barr| Amelia E.,,Literary,Barr| Amelia E.
33312,Faith and Unfaith: A Novel,en,,Duchess|,,Literary,Duchess|
33401,The Little Schoolmaster Mark: A Spiritual Romance,en,,Davis| Richard Harding,,Literary,Davis| Richard Harding
33423,A Man in the Open,en,,Pocock| Roger,,Literary,Pocock| Roger
33468,Roland Cashel- Volume I (of II),en,,Lever| Charles James,,Literary,Lever| Charles James
33469,Roland Cashel- Volume II (of II),en,,Lever| Charles James,,Literary,Lever| Charles James
33482,The Furnace,en,,Macaulay| Rose,,Literary,Macaulay| Rose
33490,The Gambler: A Novel,en,,Thurston| Katherine Cecil,,Literary,Thurston| Katherine Cecil
33498,Bransford of Rainbow Range - Originally Published under the title of Bransford in Arcadia- The Little Eohippus,en,,Rhodes| Eugene Manlove,,Western Stories,Rhodes| Eugene Manlove
33556,The Fortunes Of Glencore,en,,Lever| Charles James,,Literary,Lever| Charles James
33565,The Bachelors: A Novel,en,,Orcutt| William Dana,,Literary,Orcutt| William Dana
33604,Tony Butler,en,,Lever| Charles James,,Literary,Lever| Charles James
33664,Norine's Revenge- and- Sir Noel's Heir,en,,Fleming| May Agnes,,Literary,Fleming| May Agnes
33695,X Y Z: A Detective Story,en,,Green| Anna Katharine,,Detective and Mystery,Green| Anna Katharine
33715,The Cottage of Delight: A Novel,en,,Harben| Will N.,,Literary,Harben| Will N.
33747,An Engagement of Convenience: A Novel,en,,Zangwill| Louis,,Literary,Zangwill| Louis
33759,The Key to Yesterday,en,,Buck| Charles Neville,,Literary,Buck| Charles Neville
33780,The Haunted Pajamas,en,,Elliott| Francis Perry,,Literary,Elliott| Francis Perry
33867,King of Camargue,en,,Aicard| Jean,,Literary,Aicard| Jean
33892,Regina- or the Sins of the Fathers,en,,Sudermann| Hermann,,Literary,Sudermann| Hermann
33945,The Unknown Sea,en,,Housman| Clemence,,Allegories,Housman| Clemence
33959,The Reclaimers,en,,McCarter| Margaret Hill,,Literary,McCarter| Margaret Hill
33973,The Mysterious Wanderer- Vol. I,en,,Reeve| Sophia,,Literary,Reeve| Sophia
33989,Love Works Wonders: A Novel,en,,Brame| Charlotte M.,,Literary,Brame| Charlotte M.
34034,The Belovéd Traitor,en,,Packard| Frank L.,,Literary,Packard| Frank L.
34035,The Hillman,en,,Oppenheim| E. Phillips,,Detective and Mystery,Oppenheim| E. Phillips
34046,Whispering Wires,en,,Leverage| Henry,,Detective and Mystery,Leverage| Henry
34088,A Poached Peerage,en,,Magnay| Sir William,,Literary,Magnay| Sir William
34138,Lady Maude's Mania,en,,Fenn| George Manville,,Literary,Fenn| George Manville
34140,A Double Knot,en,,Fenn| George Manville,,Literary,Fenn| George Manville
34142,By Birth a Lady,en,,Fenn| George Manville,,Literary,Fenn| George Manville
34164,A Blot on the Scutcheon,en,,Knowles| Mabel Winifred,,Literary,Knowles| Mabel Winifred
34166,Capricious Caroline,en,,Rowlands| Effie Adelaide,,Literary,Rowlands| Effie Adelaide
34168,Zula,en,,Lindley| H. Esselstyn,,Literary,Lindley| H. Esselstyn
34202,The Girl From Tim's Place,en,,Munn| Charles Clark,,Literary,Munn| Charles Clark
34244,The Star-Gazers,en,,Fenn| George Manville,,Literary,Fenn| George Manville
34246,Of High Descent,en,,Fenn| George Manville,,Literary,Fenn| George Manville
34248,The Man with a Shadow,en,,Fenn| George Manville,,Literary,Fenn| George Manville
34277,A Mysterious Disappearance,en,,Tracy| Louis,,Detective and Mystery,Tracy| Louis
34402,Phases of an Inferior Planet,en,,Glasgow| Ellen Anderson Gholson,,Literary,Glasgow| Ellen Anderson Gholson
34415,For the Allinson Honor,en,,Bindloss| Harold,,Literary,Bindloss| Harold
34428,Alas! A Novel,en,,Broughton| Rhoda,,Literary,Broughton| Rhoda
34482,The Rosery Folk,en,,Fenn| George Manville,,Literary,Fenn| George Manville
34500,The Gold Brick,en,,Stephens| Ann S.,,Literary,Stephens| Ann S.
34567,Paradise Bend,en,,White| William Patterson,,Western Stories,White| William Patterson
34575,The Triumph of Virginia Dale,en,,Francis| John,,Literary,Francis| John
34587,Mrs. Halliburton's Troubles,en,,Trevena| John,,Literary,Trevena| John
34598,Through Night to Light: A Novel,en,,Spielhagen| Friedrich,,Literary,Spielhagen| Friedrich
34599,What the Swallow Sang: A Novel,en,,Spielhagen| Friedrich,,Literary,Spielhagen| Friedrich
34609,King of the Castle,en,,Fenn| George Manville,,Literary,Fenn| George Manville
34616,Barren Honour: A Novel,en,,Lawrence| George A.,,Literary,Lawrence| George A.
34619,The Gateless Barrier,en,,Malet| Lucas,,Ghost and Horror,Malet| Lucas
34628,I- Thou- and the Other One: A Love Story,en,,Barr| Amelia E.,,Love and Romance,Barr| Amelia E.
 Vol,The Mysterious Wanderer,en,,Literary,,pg34629.epub,Literary
34657,The Breaking of the Storm- Vol. I.,en,,Spielhagen| Friedrich,,Literary,Spielhagen| Friedrich
34658,The Breaking of the Storm- Vol. II.,en,,Spielhagen| Friedrich,,Literary,Spielhagen| Friedrich
34659,The Breaking of the Storm- Vol. III.,en,,Spielhagen| Friedrich,,Literary,Spielhagen| Friedrich
34662,Willing to Die: A Novel,en,,Fanu| Joseph Sheridan Le,,Literary,Fanu| Joseph Sheridan Le
34663,Commodore Junk,en,,Fenn| George Manville,,Literary,Fenn| George Manville
34664,The Mynns' Mystery,en,,Fenn| George Manville,,Detective and Mystery,Fenn| George Manville
34709,The Man with the Double Heart,en,,Hine| Muriel,,Literary,Hine| Muriel
34710,One of My Sons,en,,Green| Anna Katharine,,Detective and Mystery,Green| Anna Katharine
34738,The Ivory Gate- a new edition,en,,Besant| Walter,,Literary,Besant| Walter
34748,Problematic Characters: A Novel,en,,Spielhagen| Friedrich,,Literary,Spielhagen| Friedrich
34794,Englefield Grange- Mary Armstrong's Troubles,en,,Paull| Mrs. H. B.,,Literary,Paull| Mrs. H. B.
34835,The Pagan's Cup,en,,Abbott| Eleanor Hallowell,,Detective and Mystery,Abbott| Eleanor Hallowell
 and The Fisherman's Cottage,The Rival Crusoes- The Ship Wreck - Also A Voyage to Norway,en,,Literary,,pg34849.epub,Literary
34932,Mystery and Confidence: A Tale. Vol. 1,en,,Pinchard| Elizabeth Sibthorpe,,Literary,Pinchard| Elizabeth Sibthorpe
34933,Mystery and Confidence: A Tale. Vol. 3,en,,Pinchard| Elizabeth Sibthorpe,,Literary,Pinchard| Elizabeth Sibthorpe
34934,£19-000,en,,Delannoy| Burford,,Detective and Mystery,Delannoy| Burford
34947,The House of Strange Secrets: A Detective Story,en,,Bayly| A. Eric,,Detective and Mystery,Bayly| A. Eric
34968,Mystery and Confidence: A Tale. Vol. 2,en,,Pinchard| Elizabeth Sibthorpe,,Literary,Pinchard| Elizabeth Sibthorpe
34999,The Count of Nideck - adapted from the French of Erckmann-Chartrian,en,,Erckmann-Chatrian| | Fiske| Ralph Browning,,Literary,Erckmann-Chatrian| | Fiske| Ralph Browning
35003,The House in the Mist,en,,Green| Anna Katharine,,Detective and Mystery,Green| Anna Katharine
35038,The Carleton Case,en,,Clark| Ellery H.,,Literary,Clark| Ellery H.
35057,Dilemmas of Pride- (Vol 2 of 3),en,,Loudon| Mrs.,,Literary,Loudon| Mrs.
35058,Dilemmas of Pride- (Vol 3 of 3),en,,Loudon| Mrs.,,Literary,Loudon| Mrs.
35077,Girl Alone,en,,Austin| Anne,,Literary,Austin| Anne
35078,The Mesa Trail,en,,Bedford-Jones| H.,,Western Stories,Bedford-Jones| H.
35140,The Blind Mother- and The Last Confession,en,,Caine| Sir Hall,,Literary,Caine| Sir Hall
35146,The Solitary Farm,en,,Hume| Fergus,,Detective and Mystery,Hume| Fergus
35203,In the Van- The Builders,en,,Price-Brown| John,,Literary,Price-Brown| John
35205,Who?,en,,Kent| Elizabeth,,Detective and Mystery,Kent| Elizabeth
35214,The Guerilla Chief- and Other Tales,en,,Reid| Mayne,,Literary,Reid| Mayne
35217,The Oyster,en,,Peer|,,Literary,Peer|
35233,The Streets of Ascalon - Episodes in the Unfinished Career of Richard Quarren- Esqre.,en,,Chambers| Robert W.,,Literary,Chambers| Robert W.
35254,In the Onyx Lobby,en,,Wells| Carolyn,,Detective and Mystery,Wells| Carolyn
35294,A Wife's Duty: A Tale,en,,Opie| Amelia,,Literary,Opie| Amelia
35296,Sir Brook Fossbrooke- Volume I.,en,,Lever| Charles James,,Literary,Lever| Charles James
35297,Sir Brook Fossbrooke- Volume II.,en,,Lever| Charles James,,Literary,Lever| Charles James
35304,The Last Stroke: A Detective Story,en,,Lynch| Lawrence L.,,Detective and Mystery,Lynch| Lawrence L.
35313,A Practical Novelist,en,,Davidson| John,,Literary,Davidson| John
35326,The Long Lane's Turning,en,,Rives| Hallie Erminie,,Literary,Rives| Hallie Erminie
35336,The Lady Evelyn: A Story of To-day,en,,Pemberton| Max,,Literary,Pemberton| Max
35358,A Song of a Single Note: A Love Story,en,,Barr| Amelia E.,,Love and Romance,Barr| Amelia E.
35361,The Wicked Marquis,en,,Oppenheim| E. Phillips,,Detective and Mystery,Oppenheim| E. Phillips
35367,Mad: A Story of Dust and Ashes,en,,Fenn| George Manville,,Literary,Fenn| George Manville
35368,Friends I Have Made,en,,Fenn| George Manville,,Literary,Fenn| George Manville
35384,Mrs. Geoffrey,en,,Duchess| ,,Literary,Duchess| 
35424,The Amethyst Box,en,,Green| Anna Katharine,,Detective and Mystery,Green| Anna Katharine
35428,A Charming Fellow- Volume I,en,,Trollope| Frances Eleanor,,Literary,Trollope| Frances Eleanor
35429,A Charming Fellow- Volume II,en,,Trollope| Frances Eleanor,,Literary,Trollope| Frances Eleanor
35430,A Charming Fellow- Volume III,en,,Trollope| Frances Eleanor,,Literary,Trollope| Frances Eleanor
35441,The Dodd Family Abroad- Vol. I,en,,Lever| Charles James,,Literary,Lever| Charles James
35442,The Dodd Family Abroad- Vol. II,en,,Lever| Charles James,,Literary,Lever| Charles James
35443,Lost Lenore: The Adventures of a Rolling Stone,en,,Reid| Mayne,,Sea and Adventure,Reid| Mayne
35462,Sharing Her Crime: A Novel,en,,Fleming| May Agnes,,Detective and Mystery,Fleming| May Agnes
35484,The Black Eagle Mystery,en,,Bonner| Geraldine,,Detective and Mystery,Bonner| Geraldine
35509,The Golden Road,en,,Allen| Frank Waller,,Literary,Allen| Frank Waller
35517,The Three Impostors- The Transmutations,en,,Machen| Arthur,,Ghost and Horror,Machen| Arthur
35523,Only One Love- Who Was the Heir,en,,Garvice| Charles,,Literary,Garvice| Charles
35527,The Haute Noblesse: A Novel,en,,Fenn| George Manville,,Literary,Fenn| George Manville
35528,"The Secret of the Sands- The ""Water Lily"" and her Crew",en,,Collingwood| Harry,,Sea and Adventure,Collingwood| Harry
35533,The Haunted Room: A Tale,en,,E.| A. L. O.,,Literary,E.| A. L. O.
35548,Doctor Cupid: A Novel,en,,Broughton| Rhoda,,Literary,Broughton| Rhoda
35599,The Funny Philosophers- or Wags and Sweethearts.  A Novel,en,,Yellott| George,,Literary,Yellott| George
35661,Mysterious Mr. Sabin,en,,Oppenheim| E. Phillips,,Detective and Mystery,Oppenheim| E. Phillips
35664,Titan: A Romance. v. 1 (of 2),en,,Paul| Jean,,Literary,Paul| Jean
35691,The Late Tenant,en,,Tracy| Louis,,Literary,Tracy| Louis
35740,The Game and the Candle,en,,Ingram| Eleanor M.,,Literary,Ingram| Eleanor M.
35765,Lily Pearl and The Mistress of Rosedale,en,,Glenwood| Ida,,Literary,Glenwood| Ida
35769,Dilemmas of Pride- (Vol 1 of 3),en,,Loudon| Mrs,,Literary,Loudon| Mrs
35785,The Hills of Refuge: A Novel,en,,Harben| Will N.,,Literary,Harben| Will N.
35787,Plain Mary Smith: A Romance of Red Saunders,en,,Phillips| Henry Wallace,,Humorous and Wit and Satire,Phillips| Henry Wallace
35833,The Black Star: A Detective Story,en,,McCulley| Johnston,,Detective and Mystery,McCulley| Johnston
35902,Final Proof- The Value of Evidence,en,,Ottolengui| Rodrigues,,Detective and Mystery,Ottolengui| Rodrigues
35912,The Finger of Fate: A Romance,en,,Reid| Mayne,,Literary,Reid| Mayne
35913,The Child Wife,en,,Reid| Mayne,,Literary,Reid| Mayne
36027,Silent Struggles,en,,Stephens| Ann S.,,Literary,Stephens| Ann S.
36029,A Speckled Bird,en,,Evans| Augusta J.,,Literary,Evans| Augusta J.
36071,Hesperus- Forty-Five Dog-Post-Days: A Biography. Vol. I.,en,,Paul| Jean,,Literary,Paul| Jean
36087,Hesperus- Forty-Five Dog-Post-Days: A Biography. Vol. II.,en,,Paul| Jean,,Literary,Paul| Jean
36159,The Letter of Credit,en,,Warner| Susan,,Love and Romance,Warner| Susan
36199,Bijou,en,,Gyp| ,,Literary,Gyp| 
36232,The Shooting of Dan McGrew- A Novel. Based on the Famous Poem of Robert Service,en,,Dana| Marvin| Service| Robert W.,,Literary,Dana| Marvin| Service| Robert W.
36247,The Red Mouse: A Mystery Romance,en,,Osborne| William Hamilton,,Detective and Mystery,Osborne| William Hamilton
36353,The Invisible Lodge,en,,Paul| Jean,,Literary,Paul| Jean
36360,Faithful Margaret: A Novel,en,,Simpson| Mrs. J. M.,,Literary,Simpson| Mrs. J. M.
36364,Zoe- Some Day: A Novel,en,,Leonard| May,,Literary,Leonard| May
36366,Dangerous Ground- The Rival Detectives,en,,Lynch| Lawrence L.,,Detective and Mystery,Lynch| Lawrence L.
36374,Wives and Widows- The Broken Life,en,,Stephens| Ann S.,,Literary,Stephens| Ann S.
36401,The Turn of the Tide: The Story of How Margaret Solved Her Problem,en,,Porter| Eleanor H.,,Literary,Porter| Eleanor H.
36403,Titan: A Romance. v. 2 (of 2),en,,Paul| Jean,,Literary,Paul| Jean
36414,Jessamine: A Novel,en,,Harland| Marion,,Literary,Harland| Marion
36439,The Story of an Untold Love,en,,Ford| Paul Leicester,,Literary,Ford| Paul Leicester
36467,A Butterfly on the Wheel: A Novel,en,,Hemmerde| Edward G.| Neilson| Francis| Thorne| Guy,,Literary,Hemmerde| Edward G.| Neilson| Francis| Thorne| Guy
36588,The Red Derelict,en,,Mitford| Bertram,,Sea and Adventure,Mitford| Bertram
36593,Fordham's Feud,en,,Mitford| Bertram,,Literary,Mitford| Bertram
36713,The Haunted Homestead: A Novel,en,,Southworth| Emma Dorothy Eliza Nevitte,,Literary,Southworth| Emma Dorothy Eliza Nevitte
36723,One Maid's Mischief,en,,Fenn| George Manville,,Literary,Fenn| George Manville
36758,Cynthia Wakeham's Money,en,,Green| Anna Katharine,,Detective and Mystery,Green| Anna Katharine
36875,Midnight Webs,en,,Fenn| George Manville,,Literary,Fenn| George Manville
37081,In Strange Company: A Story of Chili and the Southern Seas,en,,Boothby| Guy,,Sea and Adventure,Boothby| Guy
37107,A Life For a Love: A Novel,en,,Meade| L. T.,,Literary,Meade| L. T.
37204,The Ranchman,en,,Seltzer| Charles Alden,,Western Stories,Seltzer| Charles Alden
37208,The Wayfarers,en,,Cutting| Mary Stewart,,Literary,Cutting| Mary Stewart
37338,The Crime Doctor,en,,Hornung| E. W.,,Detective and Mystery,Hornung| E. W.
37355,Pray You- Sir- Whose Daughter?,en,,Gardener| Helen H.,,Literary,Gardener| Helen H.
37412,The Empty Sack,en,,King| Basil,,Literary,King| Basil
37430,The Sin of Monsieur Pettipon- and other humorous tales,en,,Connell| Richard Edward,,Humorous and Wit and Satire,Connell| Richard Edward
37451,Rough-Hewn,en,,Fisher| Dorothy Canfield,,Literary,Fisher| Dorothy Canfield
37467,Daisy Thornton,en,,Holmes| Mary Jane,,Literary,Holmes| Mary Jane
37476,Jessie Graham,en,,Holmes| Mary Jane,,Literary,Holmes| Mary Jane
37479,The Debit Account,en,,Onions| Oliver,,Literary,Onions| Oliver
37490,The Gray Phantom's Return,en,,Landon| Herman,,Detective and Mystery,Landon| Herman
37664,The Sins of the Children: A Novel,en,,Hamilton| Cosmo,,Literary,Hamilton| Cosmo
37710,Mavis of Green Hill,en,,Baldwin| Faith,,Love and Romance,Baldwin| Faith
37781,Notwithstanding,en,,Cholmondeley| Mary,,Literary,Cholmondeley| Mary
37827,The Open Question: A Tale of Two Temperaments,en,,Robins| Elizabeth,,Literary,Robins| Elizabeth
37838,The Story of Louie,en,,Onions| Oliver,,Literary,Onions| Oliver
37866,A Humble Enterprise,en,,Cambridge| Ada,,Literary,Cambridge| Ada
37913,The Gray Phantom,en,,Landon| Herman,,Detective and Mystery,Landon| Herman
37919,In Accordance with the Evidence,en,,Onions| Oliver,,Literary,Onions| Oliver
38006,The Heatherford Fortune - a sequel to the Magic Cameo,en,,Sheldon| Mrs. Georgie,,Literary,Sheldon| Mrs. Georgie
38186,The Sailor,en,,Snaith| J. C.,,Literary,Snaith| J. C.
38199,Kenneth McAlpine: A Tale of Mountain- Moorland and Sea,en,,Stables| Gordon,,Literary,Stables| Gordon
38212,The Making of William Edwards- The Story of the Bridge of Beauty,en,,Banks| Mrs. G. Linnaeus,,Literary,Banks| Mrs. G. Linnaeus
3828,Simon the Jester,en,,Locke| William John,,Humorous and Wit and Satire,Locke| William John
38291,A Witch of the Hills- v. 1 [of 2],en,,Warden| Florence,,Literary,Warden| Florence
38292,A Witch of the Hills- v. 2 [of 2],en,,Warden| Florence,,Literary,Warden| Florence
38325,The Happy Warrior,en,,Hutchinson| A. S. M.,,Literary,Hutchinson| A. S. M.
38368,A Knight on Wheels,en,,Hay| Ian,,Literary,Hay| Ian
38474,Loaded Dice,en,,Clark| Ellery H.,,Literary,Clark| Ellery H.
38489,Gargoyles,en,,Hecht| Ben,,Literary,Hecht| Ben
38623,The Story of Charles Strange: A Novel. Vol. 1 (of 3),en,,Wood| Mrs. Henry,,Literary,Wood| Mrs. Henry
38624,The Story of Charles Strange: A Novel. Vol. 2 (of 3),en,,Wood| Mrs. Henry,,Literary,Wood| Mrs. Henry
38625,The Story of Charles Strange: A Novel. Vol. 3 (of 3),en,,Wood| Mrs. Henry,,Literary,Wood| Mrs. Henry
38679,Miranda of the Balcony: A Story,en,,Mason| A. E. W.,,Literary,Mason| A. E. W.
38685,The Truants,en,,Mason| A. E. W.,,Literary,Mason| A. E. W.
38689,The Turnstile,en,,Mason| A. E. W.,,Literary,Mason| A. E. W.
38702,The Maker of Opportunities,en,,Gibbs| George,,Literary,Gibbs| George
38715,A Singular Metamorphosis,en,,Skiles| May Evelyn,,Literary,Skiles| May Evelyn
38798,The Monctons: A Novel. Volume 2 (of 2),en,,Moodie| Susanna,,Literary,Moodie| Susanna
38888,Out of a Labyrinth,en,,Lynch| Lawrence L.,,Detective and Mystery,Lynch| Lawrence L.
39018,Mr. Marx's Secret,en,,Oppenheim| E. Phillips,,Detective and Mystery,Oppenheim| E. Phillips
39066,The White Blackbird,en,,Aitken| Robert,,Literary,Aitken| Robert
39111,Miser Farebrother: A Novel (vol. 1 of 3),en,,Farjeon| B. L.,,Literary,Farjeon| B. L.
39192,It May Be True- Vol. 2 (of 3),en,,Wood| Mrs. Henry,,Literary,Wood| Mrs. Henry
39193,It May Be True- Vol. 3 (of 3),en,,Wood| Mrs. Henry,,Literary,Wood| Mrs. Henry
39207,Tales for Fifteen,en,,Cooper| James Fenimore,,Literary,Cooper| James Fenimore
39345,Mitchelhurst Place: A Novel. Vol. 1 (of 2),en,,Veley| Margaret,,Literary,Veley| Margaret
39349,Wyndham's Pal,en,,Bindloss| Harold,,Literary,Bindloss| Harold
39359,Mabel: A Novel. Vol. 3 (of 3),en,,Newby| Mrs. C. J.,,Literary,Newby| Mrs. C. J.
39377,Mildred Arkell: A Novel. Vol. 2 (of 3),en,,Wood| Mrs. Henry,,Literary,Wood| Mrs. Henry
39417,A Gamble with Life,en,,Hocking| Silas K.,,Detective and Mystery,Hocking| Silas K.
39425,The Mysterious Wanderer- Vol. III - A Novel in Three Volumes,en,,Reeve| Sophia,,Literary,Reeve| Sophia
39556,Guy and Pauline,en,,MacKenzie| Compton,,Literary,MacKenzie| Compton
39616,In the Hands of the Malays- and Other Stories,en,,Henty| G. A.,,Sea and Adventure,Henty| G. A.
39660,Sylvia & Michael: The later adventures of Sylvia Scarlett,en,,MacKenzie| Compton,,Literary,MacKenzie| Compton
39692,Mildred Arkell: A Novel. Vol. 1 (of 3),en,,Wood| Mrs. Henry,,Literary,Wood| Mrs. Henry
39693,Mildred Arkell: A Novel. Vol. 3 (of 3),en,,Wood| Mrs. Henry,,Literary,Wood| Mrs. Henry
39731,The Marriage of Esther,en,,Boothby| Guy,,Literary,Boothby| Guy
39768,Vassall Morton: A Novel,en,,Parkman| Francis,,Literary,Parkman| Francis
39813,A Sovereign Remedy,en,,Steel| Flora Annie Webster,,Literary,Steel| Flora Annie Webster
39905,Upsidonia,en,,Marshall| Archibald,,Humorous and Wit and Satire,Marshall| Archibald
39940,Ashton-Kirk- Secret Agent,en,,McIntyre| John Thomas,,Detective and Mystery,McIntyre| John Thomas
40111,In Silk Attire: A Novel,en,,Black| William,,Literary,Black| William
40114,Fashion and Famine,en,,Stephens| Ann S.,,Literary,Stephens| Ann S.
40180,A Woman's Love,en,,Opie| Amelia,,Literary,Opie| Amelia
40199,Mabel: A Novel. Vol. 2 (of 3),en,,Newby| Mrs. C. J.,,Literary,Newby| Mrs. C. J.
40278,The Threatening Eye,en,,Knight| E. F.,,Literary,Knight| E. F.
40324,True to a Type- Vol. 1 (of 2),en,,Cleland| Robert,,Literary,Cleland| Robert
40325,True to a Type- Vol. 2 (of 2),en,,Cleland| Robert,,Literary,Cleland| Robert
40347,The Coward Behind the Curtain,en,,Marsh| Richard,,Literary,Marsh| Richard
40348,The Crime and the Criminal,en,,Marsh| Richard,,Detective and Mystery,Marsh| Richard
40418,It May Be True- Vol. 1 (of 3),en,,Wood| Mrs. Henry,,Literary,Wood| Mrs. Henry
40431,Miss Hildreth: A Novel- Volume 1,en,,Stevens| Augusta de Grasse,,Literary,Stevens| Augusta de Grasse
40432,Miss Hildreth: A Novel- Volume 2,en,,Stevens| Augusta de Grasse,,Literary,Stevens| Augusta de Grasse
40433,Miss Hildreth: A Novel- Volume 3,en,,Stevens| Augusta de Grasse,,Literary,Stevens| Augusta de Grasse
40450,Violet Forster's Lover,en,,Marsh| Richard,,Literary,Marsh| Richard
40451,Under One Flag,en,,Marsh| Richard,,Literary,Marsh| Richard
40452,The Twickenham Peerage,en,,Marsh| Richard,,Literary,Marsh| Richard
4046,The Garden of Survival,en,,Blackwood| Algernon,,Ghost and Horror,Blackwood| Algernon
40484,Black Star's Campaign: A Detective Story,en,,McCulley| Johnston,,Detective and Mystery,McCulley| Johnston
40491,The Red Lottery Ticket,en,,Boisgobey| Fortunu,,Detective and Mystery,Boisgobey| Fortunu
40493,The King of Diamonds: A Tale of Mystery and Adventure,en,,Tracy| Louis,,Detective and Mystery,Tracy| Louis
40495,The Ordeal of Elizabeth,en,,Anonymous,,Literary,Anonymous
40545,The Splendid Fairing,en,,Holme| Constance,,Literary,Holme| Constance
 Together with Geoffrey's Wife and The Pitfall,Moth and Rust,en,,Literary,,pg40566.epub,Literary
40611,Prince Charlie,en,,Delannoy| Burford,,Literary,Delannoy| Burford
40651,The Hypocrite,en,,Thorne| Guy,,Literary,Thorne| Guy
40672,The White Virgin,en,,Fenn| George Manville,,Literary,Fenn| George Manville
40673,The Tiger Lily,en,,Fenn| George Manville,,Literary,Fenn| George Manville
40674,Sawn Off: A Tale of a Family Tree,en,,Fenn| George Manville,,Literary,Fenn| George Manville
40702,Gretchen: A Novel,en,,Holmes| Mary Jane,,Literary,Holmes| Mary Jane
40821,Fighting Byng: A Novel of Mystery- Intrigue and Adventure,en,,Stone| A.,,Detective and Mystery,Stone| A.
4084,The Adventures of Peregrine Pickle,en,,Smollett| T.,,Literary,Smollett| T.
40926,Meg- of Valencia,en,,Jarrell| Myra Williams,,Literary,Jarrell| Myra Williams
40998,The Day of Temptation,en,,Queux| William Le,,Literary,Queux| William Le
40999,Stolen Souls,en,,Queux| William Le,,Literary,Queux| William Le
41089,The Sign of the Stranger,en,,Queux| William Le,,Detective and Mystery,Queux| William Le
41122,Rayton: A Backwoods Mystery,en,,Roberts| Theodore Goodridge,,Literary,Roberts| Theodore Goodridge
41191,Jenifer's Prayer,en,,Crane| Oliver,,Literary,Crane| Oliver
41212,The Eve of All-Hallows- Adelaide of Tyrconnel- v. 1 of 3,en,,Hartstonge| Matthew Weld,,Literary,Hartstonge| Matthew Weld
41247,Ten Thousand a-Year. Volume 3.,en,,Warren| Samuel,,Literary,Warren| Samuel
41284,The Arm-Chair at the Inn,en,,Smith| Francis Hopkinson,,Literary,Smith| Francis Hopkinson
41313,My Danish Sweetheart: A Novel. Volume 1 of 3,en,,Russell| William Clark,,Sea and Adventure,Russell| William Clark
41314,My Danish Sweetheart: A Novel. Volume 2 of 3,en,,Russell| William Clark,,Sea and Adventure,Russell| William Clark
41315,My Danish Sweetheart: A Novel. Volume 3 of 3,en,,Russell| William Clark,,Sea and Adventure,Russell| William Clark
41329,Mrs. Dorriman: A Novel. Volume 1 of 3,en,,Chetwynd| Mrs. Henry Wayland,,Literary,Chetwynd| Mrs. Henry Wayland
41330,Mrs. Dorriman: A Novel. Volume 2 of 3,en,,Chetwynd| Mrs. Henry Wayland,,Literary,Chetwynd| Mrs. Henry Wayland
41331,Mrs. Dorriman: A Novel. Volume 3 of 3,en,,Chetwynd| Mrs. Henry Wayland,,Literary,Chetwynd| Mrs. Henry Wayland
41332,Ten Thousand a-Year. Volume 2.,en,,Warren| Samuel,,Literary,Warren| Samuel
41339,Mount Royal: A Novel. Volume 1 of 3,en,,Braddon| M. E.,,Literary,Braddon| M. E.
41340,Mount Royal: A Novel. Volume 2 of 3,en,,Braddon| M. E.,,Literary,Braddon| M. E.
41341,Mount Royal: A Novel. Volume 3 of 3,en,,Braddon| M. E.,,Literary,Braddon| M. E.
41374,Mohawks: A Novel. Volume 1 of 3,en,,Braddon| M. E.,,Literary,Braddon| M. E.
41375,Mohawks: A Novel. Volume 2 of 3,en,,Braddon| M. E.,,Literary,Braddon| M. E.
41376,Mohawks: A Novel. Volume 3 of 3,en,,Braddon| M. E.,,Literary,Braddon| M. E.
41459,The Broken Thread,en,,Queux| William Le,,Detective and Mystery,Queux| William Le
41483,The Yazoo Mystery: A Novel,en,,Craddock| Irving,,Literary,Craddock| Irving
41490,The Decadent: Being the Gospel of Inaction - Wherein Are Set Forth in Romance Form Certain Reflections Touching the Curious Characteristics of These Ultimate Years- and the Divers Causes Thereof,en,,Cram| Ralph Adams,,Literary,Cram| Ralph Adams
41525,The House Opposite: A Mystery,en,,Kent| Elizabeth,,Detective and Mystery,Kent| Elizabeth
41542,Rose Clark,en,,Fern| Fanny,,Literary,Fern| Fanny
41564,Mabel: A Novel. Vol. 1 (of 3),en,,Newby| Mrs. C. J.,,Literary,Newby| Mrs. C. J.
41660,A Fortnight of Folly,en,,Conway| Hugh| Thompson| Maurice,,Literary,Conway| Hugh| Thompson| Maurice
41672,A Changed Heart: A Novel,en,,Fleming| May Agnes,,Literary,Fleming| May Agnes
41764,Albrecht,en,,Bates| Arlo,,Literary,Bates| Arlo
41790,Quintus Oakes: A Detective Story,en,,Jackson| Charles Ross,,Detective and Mystery,Jackson| Charles Ross
41794,The Last Miracle,en,,Shiel| M. P.,,Literary,Shiel| M. P.
41817,John Marvel- Assistant,en,,Page| Thomas Nelson,,Literary,Page| Thomas Nelson
41844,The Golden Bough,en,,Gibbs| George,,Literary,Gibbs| George
41859,The Terms of Surrender,en,,Tracy| Louis,,Literary,Tracy| Louis
41863,Ragna,en,,Costantini| Anna Miller,,Literary,Costantini| Anna Miller
41932,A Fair Mystery: The Story of a Coquette,en,,Brame| Charlotte M.,,Literary,Brame| Charlotte M.
41963,The Debatable Land: A Novel,en,,Colton| Arthur,,Literary,Colton| Arthur
42010,The Barrel Mystery,en,,Flynn| William J.,,Detective and Mystery,Flynn| William J.
42095,The Eve of All-Hallows- Adelaide of Tyrconnel- v. 2 of 3,en,,Hartstonge| Matthew Weld,,Literary,Hartstonge| Matthew Weld
42115,The Trail-Hunter: A Tale of the Far West,en,,Aimard| Gustave,,Western Stories,Aimard| Gustave
42117,The Pirates of the Prairies: Adventures in the American Desert,en,,Aimard| Gustave,,Western Stories,Aimard| Gustave
42145,The World Before Them: A Novel. Volume 2 (of 3),en,,Moodie| Susanna,,Literary,Moodie| Susanna
42165,The World Before Them: A Novel. Volume 1 (of 3),en,,Moodie| Susanna,,Literary,Moodie| Susanna
42174,The World Before Them: A Novel. Volume 3 (of 3),en,,Moodie| Susanna,,Literary,Moodie| Susanna
42320,The Shadow of a Sin,en,,Brame| Charlotte M.,,Literary,Brame| Charlotte M.
42423,Justin Wingate- Ranchman,en,,Whitson| John Harvey,,Western Stories,Whitson| John Harvey
42462,Barbara Rebell,en,,Lowndes| Marie Belloc,,Literary,Lowndes| Marie Belloc
42491,Lady Eureka- The Mystery: A Prophecy of the Future. Volume 1,en,,Williams| Robert Folkestone,,Literary,Williams| Robert Folkestone
42492,Lady Eureka- The Mystery: A Prophecy of the Future. Volume 2,en,,Williams| Robert Folkestone,,Literary,Williams| Robert Folkestone
42493,Lady Eureka- The Mystery: A Prophecy of the Future. Volume 3,en,,Williams| Robert Folkestone,,Literary,Williams| Robert Folkestone
42496,Miracle Gold: A Novel (Vol. 2 of 3),en,,Dowling| Richard,,Literary,Dowling| Richard
42498,Miracle Gold: A Novel (Vol. 1 of 3),en,,Dowling| Richard,,Literary,Dowling| Richard
42499,Miracle Gold: A Novel (Vol. 3 of 3),en,,Dowling| Richard,,Literary,Dowling| Richard
42519,Blackthorn Farm,en,,Applin| Arthur,,Literary,Applin| Arthur
42533,Narcissus,en,,Scott| Evelyn,,Literary,Scott| Evelyn
42534,The Narrow House,en,,Scott| Evelyn,,Literary,Scott| Evelyn
42536,Yonder,en,,Young| E. H.,,Literary,Young| E. H.
42581,The Deacon: An Original Comedy Drama in Five Acts,en,,Dale| Horace C.,,Literary,Dale| Horace C.
426,Tales and Fantasies,en,,Stevenson| Robert Louis,,Literary,Stevenson| Robert Louis
42714,The Luminous Face,en,,Wells| Carolyn,,Detective and Mystery,Wells| Carolyn
42750,Tempest-Driven: A Romance (Vol. 1 of 3),en,,Dowling| Richard,,Literary,Dowling| Richard
42751,Tempest-Driven: A Romance (Vol. 2 of 3),en,,Dowling| Richard,,Literary,Dowling| Richard
42752,Tempest-Driven: A Romance (Vol. 3 of 3),en,,Dowling| Richard,,Literary,Dowling| Richard
42763,Swords Reluctant,en,,Pemberton| Max,,Literary,Pemberton| Max
42772,It Pays to Smile,en,,Putnam| Nina Wilcox,,Literary,Putnam| Nina Wilcox
42807,The Mystery of the Clasped Hands: A Novel,en,,Boothby| Guy,,Detective and Mystery,Boothby| Guy
42905,Great Porter Square: A Mystery. v. 1,en,,Farjeon| B. L.,,Detective and Mystery,Farjeon| B. L.
42906,Great Porter Square: A Mystery. v. 2,en,,Farjeon| B. L.,,Detective and Mystery,Farjeon| B. L.
42907,Great Porter Square: A Mystery. v. 3,en,,Farjeon| B. L.,,Detective and Mystery,Farjeon| B. L.
42926,The Last of Their Race,en,,Swan| Annie S.,,Literary,Swan| Annie S.
43037,Guy Kenmore's Wife- and The Rose and the Lily,en,,Miller| Mrs. Alex. McVeigh,,Literary,Miller| Mrs. Alex. McVeigh
43080,Devota,en,,Evans| Augusta J.,,Literary,Evans| Augusta J.
43162,Hugh Crichton's Romance,en,,Coleridge| Christabel R.,,Literary,Coleridge| Christabel R.
43190,Blade-O'-Grass. Golden Grain. and Bread and Cheese and Kisses.,en,,Farjeon| B. L.,,Christmas Stories,Farjeon| B. L.
43449,Mrs. Severn: A Novel- Vol. 1 (of 3),en,,Carter| Mary Elizabeth,,Literary,Carter| Mary Elizabeth
43489,The Gypsy Queen's Vow,en,,Fleming| May Agnes,,Literary,Fleming| May Agnes
43498,Flora Adair- Love Works Wonders. Vol. 1 (of 2),en,,Donelan| A. M.,,Literary,Donelan| A. M.
43499,Flora Adair- Love Works Wonders. Vol. 2 (of 2),en,,Donelan| A. M.,,Literary,Donelan| A. M.
43716,The Adventurers,en,,Aimard| Gustave,,Sea and Adventure,Aimard| Gustave
43743,Munster Village,en,,Hamilton| Lady Mary,,Literary,Hamilton| Lady Mary
43925,The Prairie Flower: A Tale of the Indian Border,en,,Aimard| Gustave,,Western Stories,Aimard| Gustave
44018,First Love: A Novel. Vol. 1 of 3,en,,Loudon| Mrs.,,Literary,Loudon| Mrs.
44264,The Eve of All-Hallows- Adelaide of Tyrconnel- v. 3 of 3,en,,Hartstonge| Matthew Weld,,Literary,Hartstonge| Matthew Weld
44326,Wanted: A Husband. A Novel,en,,Adams| Samuel Hopkins,,Literary,Adams| Samuel Hopkins
44375,The Bee Hunters: A Tale of Adventure,en,,Aimard| Gustave,,Sea and Adventure,Aimard| Gustave
44421,The Rebel Chief: A Tale of Guerilla Life,en,,Aimard| Gustave,,Literary,Aimard| Gustave
44454,The Smuggler Chief: A Novel,en,,Aimard| Gustave,,Sea and Adventure,Aimard| Gustave
44581,The Stoneground Ghost Tales - Compiled from the recollections of the reverend Roland Batchel- the vicar of the parish.,en,,Swain| E. G.,,Ghost and Horror,Swain| E. G.
44633,Held to Answer: A Novel,en,,MacFarlane| Peter Clark,,Literary,MacFarlane| Peter Clark
44796,The Prodigal Village: A Christmas Tale,en,,Bacheller| Irving,,Christmas Stories,Bacheller| Irving
44803,Little Golden's Daughter- The Dream of a Life Time,en,,Miller| Mrs. Alex. McVeigh,,Literary,Miller| Mrs. Alex. McVeigh
44819,Kathleen's Diamonds- She Loved a Handsome Actor,en,,Miller| Mrs. Alex. McVeigh,,Literary,Miller| Mrs. Alex. McVeigh
44828,Wild Margaret,en,,Garvice| Charles,,Literary,Garvice| Charles
44841,The Mark of Cain,en,,Wells| Carolyn,,Detective and Mystery,Wells| Carolyn
44872,The Man Who Fell Through the Earth,en,,Wells| Carolyn,,Detective and Mystery,Wells| Carolyn
44878,A Man's World,en,,Edwards| Albert,,Literary,Edwards| Albert
44984,The Mystery Girl,en,,Wells| Carolyn,,Detective and Mystery,Wells| Carolyn
45042,A Mock Idyl,en,,Ross| Percy,,Literary,Ross| Percy
45047,The Red River Half-Breed: A Tale of the Wild North-West,en,,Aimard| Gustave,,Western Stories,Aimard| Gustave
45104,Farewell,en,,Stacpoole| William Henry,,Literary,Stacpoole| William Henry
45401,The Guide of the Desert,en,,Aimard| Gustave,,Western Stories,Aimard| Gustave
45402,The Insurgent Chief,en,,Aimard| Gustave,,Literary,Aimard| Gustave
45403,The Flying Horseman,en,,Aimard| Gustave,,Literary,Aimard| Gustave
45618,Deadwood Dick Jr. Branded- Red Rover at Powder Pocket.,en,,Wheeler| Edward L.,,Western Stories,Wheeler| Edward L.
45622,The Curved Blades,en,,Wells| Carolyn,,Detective and Mystery,Wells| Carolyn
45636,Stolen Idols,en,,Oppenheim| E. Phillips,,Detective and Mystery,Oppenheim| E. Phillips
45816,The House on the Moor- v. 1-3,en,,Oliphant| Mrs.,,Literary,Oliphant| Mrs.
45817,The House on the Moor- v. 2-3,en,,Oliphant| Mrs.,,Literary,Oliphant| Mrs.
45818,The House on the Moor- v. 3-3,en,,Oliphant| Mrs.,,Literary,Oliphant| Mrs.
45872,Pretty Geraldine- the New York Salesgirl- Wedded to Her Choice,en,,Miller| Mrs. Alex. McVeigh,,Literary,Miller| Mrs. Alex. McVeigh
45912,The Vanishing of Betty Varian,en,,Wells| Carolyn,,Detective and Mystery,Wells| Carolyn
46008,The Room with the Tassels,en,,Wells| Carolyn,,Detective and Mystery,Wells| Carolyn
46064,The Deep Lake Mystery,en,,Wells| Carolyn,,Detective and Mystery,Wells| Carolyn
46217,The Romantic Lady,en,,Arlen| Michael,,Literary,Arlen| Michael
4632,The Good Time Coming,en,,Arthur| T. S.,,Literary,Arthur| T. S.
4634,Uncle William: The Man Who Was Shif'less,en,,Lee| Jennette,,Literary,Lee| Jennette
46402,Harry Blount- the Detective- The Martin Mystery Solved,en,,Flanagan| T. J.,,Detective and Mystery,Flanagan| T. J.
46457,White Wolf's Law: A Western Story,en,,Dunning| Hal,,Western Stories,Dunning| Hal
46505,Alone,en,,Harland| Marion,,Literary,Harland| Marion
4653,God's Good Man: A Simple Love Story,en,,Corelli| Marie,,Love and Romance,Corelli| Marie
46566,The Crime Club,en,,Holt-White| W.,,Detective and Mystery,Holt-White| W.
46623,At War with Society- Tales of the Outcasts,en,,M'Levy| James,,Detective and Mystery,M'Levy| James
4676,Outpost,en,,Austin| Jane G.,,Literary,Austin| Jane G.
47211,The Idol of the Blind: A Novel,en,,Gallon| Tom,,Literary,Gallon| Tom
47282,A Country Sweetheart,en,,Russell| Dora,,Literary,Russell| Dora
4733,When Egypt Went Broke: A Novel,en,,Day| Holman,,Literary,Day| Holman
47338,Kate Vernon: A Tale. Vol. 1 (of 3),en,,Alexander| Mrs.,,Literary,Alexander| Mrs.
4745,At the Villa Rose,en,,Mason| A. E. W.,,Detective and Mystery,Mason| A. E. W.
47455,The Fiction Factory - Being the experience of a writer who- for twenty-two years- has kept a story-mill grinding successfully,en,,Cook| William Wallace,,Literary,Cook| William Wallace
47697,"Odette's Marriage - A Novel- from the French of Albert Delpit- Translated from the ""Revue des Deux Mondes||"" by Emily Prescott",en,,Delpit| Albert,,Literary,Delpit| Albert
47744,Sekhet,en,,Miller| Irene,,Literary,Miller| Irene
47771,Mirk Abbey- Volume 1 (of 3),en,,Payn| James,,Literary,Payn| James
47772,Mirk Abbey- Volume 2 (of 3),en,,Payn| James,,Literary,Payn| James
47773,Mirk Abbey- Volume 3 (of 3),en,,Payn| James,,Literary,Payn| James
4790,Half a Rogue,en,,MacGrath| Harold,,Literary,MacGrath| Harold
4794,Dawn,en,,Adams| Mrs. H. A.,,Literary,Adams| Mrs. H. A.
4795,The Circassian Slave- the Sultan's favorite : a story of Constantinople and the Caucasus,en,,Ballou| Maturin Murray,,Literary,Ballou| Maturin Murray
47997,A Life for a Life- Volume 1 (of 3),en,,Craik| Dinah Maria Mulock,,Literary,Craik| Dinah Maria Mulock
48297,A Soldier's Daughter- and Other Stories,en,,Henty| G. A.,,Sea and Adventure,Henty| G. A.
48482,A Life for a Life- Volume 2 (of 3),en,,Craik| Dinah Maria Mulock,,Literary,Craik| Dinah Maria Mulock
48483,A Life for a Life- Volume 3 (of 3),en,,Craik| Dinah Maria Mulock,,Literary,Craik| Dinah Maria Mulock
48989,Tinman,en,,Gallon| Tom,,Literary,Gallon| Tom
4903,Hilda Wade- a Woman with Tenacity of Purpose,en,,Allen| Grant,,Literary,Allen| Grant
4918,The Lilac Sunbonnet: A Love Story,en,,Crockett| S. R.,,Love and Romance,Crockett| S. R.
4923,King Midas: a Romance,en,,Sinclair| Upton,,Literary,Sinclair| Upton
4929,The Fashionable Adventures of Joshua Craig: A Novel,en,,Phillips| David Graham,,Sea and Adventure,Phillips| David Graham
49537,The Spider and the Fly- An Undesired Love,en,,Garvice| Charles,,Literary,Garvice| Charles
4955,Leah Mordecai: A Novel,en,,Abbott| Belle K.,,Literary,Abbott| Belle K.
49680,Chetwynd Calverley - New Edition- 1877,en,,Ainsworth| William Harrison,,Literary,Ainsworth| William Harrison
49718,The Desultory Man - Collection of Ancient and Modern British Novels and Romances. Vol. CXLVII.,en,,James| G. P. R.,,Literary,James| G. P. R.
50042,The Forgery- Best Intentions.,en,,James| G. P. R.,,Literary,James| G. P. R.
502,Desert Gold,en,,Grey| Zane,,Western Stories,Grey| Zane
50209,The Mystery of the Sycamore,en,,Wells| Carolyn,,Detective and Mystery,Wells| Carolyn
50440,Leslie's Loyalty,en,,Garvice| Charles,,Literary,Garvice| Charles
50688,De L'Orme. - The Works of G. P. R. James- Esq.|| Vol. XVI.,en,,James| G. P. R.,,Literary,James| G. P. R.
5094,"The Romance of Elaine - Sequel to ""Exploits of Elaine""",en,,Reeve| Arthur B.,,Detective and Mystery,Reeve| Arthur B.
51251,Morley Ernstein- the Tenants of the Heart,en,,James| G. P. R.,,Literary,James| G. P. R.
51455,The Fate: A Tale of Stirring Times,en,,James| G. P. R.,,Literary,James| G. P. R.
515,Margret Howth: A Story of To-day,en,,Davis| Rebecca Harding,,Literary,Davis| Rebecca Harding
5151,The Exploits of Elaine,en,,Reeve| Arthur B.,,Detective and Mystery,Reeve| Arthur B.
51628,Delaware- The Ruined Family. Vol. 1,en,,James| G. P. R.,,Literary,James| G. P. R.
51629,Delaware- The Ruined Family. Vol. 2,en,,James| G. P. R.,,Literary,James| G. P. R.
51630,Delaware- The Ruined Family. Vol. 3,en,,James| G. P. R.,,Literary,James| G. P. R.
5165,Innocent : her fancy and his fact,en,,Corelli| Marie,,Love and Romance,Corelli| Marie
51715,A Whim- and Its Consequences - Collection of British Authors Vol. CXIV,en,,James| G. P. R.,,Literary,James| G. P. R.
5176,Corpus of a Siam Mosquito,en,,Sills| Steven,,Literary,Sills| Steven
5179,A Siren,en,,Trollope| Thomas Adolphus,,Detective and Mystery,Trollope| Thomas Adolphus
51936,Daireen. Volume 1 of 2,en,,Moore| Frank Frankfort,,Literary,Moore| Frank Frankfort
51937,Daireen. Volume 2 of 2,en,,Moore| Frank Frankfort,,Literary,Moore| Frank Frankfort
51938,Daireen. Complete,en,,Moore| Frank Frankfort,,Literary,Moore| Frank Frankfort
51972,Priscilla and Charybdis: A Story of Alternatives,en,,Moore| Frank Frankfort,,Literary,Moore| Frank Frankfort
51988,Well- After All,en,,Moore| Frank Frankfort,,Literary,Moore| Frank Frankfort
5234,The Confessions of Harry Lorrequer — Volume 1,en,,Lever| Charles James,,Literary,Lever| Charles James
5235,The Confessions of Harry Lorrequer — Volume 2,en,,Lever| Charles James,,Literary,Lever| Charles James
5236,The Confessions of Harry Lorrequer — Volume 3,en,,Lever| Charles James,,Literary,Lever| Charles James
5237,The Confessions of Harry Lorrequer — Volume 4,en,,Lever| Charles James,,Literary,Lever| Charles James
5238,The Confessions of Harry Lorrequer — Volume 5,en,,Lever| Charles James,,Literary,Lever| Charles James
5239,The Confessions of Harry Lorrequer — Volume 6,en,,Lever| Charles James,,Literary,Lever| Charles James
5240,The Confessions of Harry Lorrequer — Complete,en,,Lever| Charles James,,Literary,Lever| Charles James
525,Youth- a Narrative,en,,Conrad| Joseph,,Sea and Adventure,Conrad| Joseph
53356,Kate Vernon: A Tale. Vol. 2 (of 3),en,,Alexander| Mrs.,,Literary,Alexander| Mrs.
53604,The Touch of Abner,en,,Cody| H. A.,,Literary,Cody| H. A.
53668,Kate Vernon: A Tale. Vol. 3 (of 3),en,,Alexander| Mrs.,,Literary,Alexander| Mrs.
547,Baron Trigault's Vengeance,en,,Gaboriau| Emile,,Detective and Mystery,Gaboriau| Emile
5622,At Last: A Novel,en,,Harland| Marion,,Literary,Harland| Marion
5662,The Potato Child & Others,en,,Woodbury| Lucia Prudence Hall,,Christmas Stories,Woodbury| Lucia Prudence Hall
5663,The Prose of Alfred Lichtenstein,en,,Lichtenstein| Alfred,,Literary,Lichtenstein| Alfred
5705,The Queen of Sheba- and My Cousin the Colonel,en,,Aldrich| Thomas Bailey,,Literary,Aldrich| Thomas Bailey
5848,The Flyers,en,,McCutcheon| George Barr,,Literary,McCutcheon| George Barr
5869,Michael's Crag,en,,Allen| Grant,,Literary,Allen| Grant
587,Danny's Own Story,en,,Marquis| Don,,Humorous and Wit and Satire,Marquis| Don
6005,Celibates,en,,Moore| George Augustus,,Literary,Moore| George Augustus
6028,Opening a Chestnut Burr,en,,Roe| Edward Payson,,Literary,Roe| Edward Payson
6057,Fran,en,,Ellis| J. Breckenridge,,Literary,Ellis| J. Breckenridge
6060,Philistia,en,,Allen| Grant,,Literary,Allen| Grant
6102,From Jest to Earnest,en,,Roe| Edward Payson,,Literary,Roe| Edward Payson
6105,Their Yesterdays,en,,Wright| Harold Bell,,Love and Romance,Wright| Harold Bell
6113,A Day of Fate,en,,Roe| Edward Payson,,Love and Romance,Roe| Edward Payson
6292,No Defense- Volume 1.,en,,Parker| Gilbert,,Literary,Parker| Gilbert
6293,No Defense- Volume 2.,en,,Parker| Gilbert,,Literary,Parker| Gilbert
6294,No Defense- Volume 3.,en,,Parker| Gilbert,,Literary,Parker| Gilbert
6295,No Defense- Complete,en,,Parker| Gilbert,,Literary,Parker| Gilbert
6296,Carnac's Folly- Volume 1.,en,,Parker| Gilbert,,Literary,Parker| Gilbert
6297,Carnac's Folly- Volume 2.,en,,Parker| Gilbert,,Literary,Parker| Gilbert
6298,Carnac's Folly- Volume 3.,en,,Parker| Gilbert,,Literary,Parker| Gilbert
6299,Carnac's Folly- Complete,en,,Parker| Gilbert,,Literary,Parker| Gilbert
6311,A Knight of the Nineteenth Century,en,,Roe| Edward Payson,,Literary,Roe| Edward Payson
6376,Self-Raised- From the Depths,en,,Southworth| Emma Dorothy Eliza Nevitte,,Literary,Southworth| Emma Dorothy Eliza Nevitte
6410,Once Aboard the Lugger-- The History of George and his Mary,en,,Hutchinson| A. S. M.,,Humorous and Wit and Satire,Hutchinson| A. S. M.
6474,The Iron Woman,en,,Deland| Margaret Wade Campbell,,Literary,Deland| Margaret Wade Campbell
6517,The Grey Lady,en,,Merriman| Henry Seton,,Literary,Merriman| Henry Seton
6526,Any Coincidence Is - The Day Julia & Cecil the Cat Faced a Fate Worse Than Death,en,,Callahan| Daniel,,Literary,Callahan| Daniel
6592,Si'Wren of the Patriarchs,en,,Cheney| Roland Jon,,Literary,Cheney| Roland Jon
6809,The Doctor's Daughter,en,,Vera|,,Literary,Vera|
681,Creatures That Once Were Men,en,,Gorky| Maksim,,Literary,Gorky| Maksim
6864,Average Jones,en,,Adams| Samuel Hopkins,,Detective and Mystery,Adams| Samuel Hopkins
6901,The Happy Adventurers,en,,Middleton| Lydia Miller,,Literary,Middleton| Lydia Miller
6954,Aikenside,en,,Holmes| Mary Jane,,Literary,Holmes| Mary Jane
7063,A Terrible Secret: A Novel,en,,Fleming| May Agnes,,Literary,Fleming| May Agnes
7085,Fanshawe,en,,Hawthorne| Nathaniel,,Literary,Hawthorne| Nathaniel
7119,The Dolliver Romance,en,,Hawthorne| Nathaniel,,Literary,Hawthorne| Nathaniel
7171,Linda Condon,en,,Hergesheimer| Joseph,,Literary,Hergesheimer| Joseph
7183,Doctor Grimshawe's Secret — a Romance,en,,Hawthorne| Nathaniel,,Literary,Hawthorne| Nathaniel
726,A Psychological Counter-Current in Recent Fiction,en,,Howells| William Dean,,Literary,Howells| William Dean
7424,The Wishing-Ring Man,en,,Widdemer| Margaret,,Literary,Widdemer| Margaret
7757,Falkland- Book 1.,en,,Lytton| Baron Edward Bulwer Lytton,,Literary,Lytton| Baron Edward Bulwer Lytton
7758,Falkland- Book 2.,en,,Lytton| Baron Edward Bulwer Lytton,,Literary,Lytton| Baron Edward Bulwer Lytton
7759,Falkland- Book 3.,en,,Lytton| Baron Edward Bulwer Lytton,,Literary,Lytton| Baron Edward Bulwer Lytton
7760,Falkland- Book 4.,en,,Lytton| Baron Edward Bulwer Lytton,,Literary,Lytton| Baron Edward Bulwer Lytton
7761,Falkland- Complete,en,,Lytton| Baron Edward Bulwer Lytton,,Literary,Lytton| Baron Edward Bulwer Lytton
7827,Fan : The Story of a Young Girl's Life,en,,Hudson| W. H.,,Literary,Hudson| W. H.
7842,The Rise of Iskander,en,,Disraeli| Earl of Beaconsfield Benjamin,,Literary,Disraeli| Earl of Beaconsfield Benjamin
7855,The Vision of Desire,en,,Pedler| Margaret,,Literary,Pedler| Margaret
7866,An Ambitious Man,en,,Wilcox| Ella Wheeler,,Literary,Wilcox| Ella Wheeler
8073,A Fool for Love,en,,Lynde| Francis,,Literary,Lynde| Francis
8087,A Fountain Sealed,en,,Sedgwick| Anne Douglas,,Literary,Sedgwick| Anne Douglas
8131,The Misses Mallett (The Bridge Dividing),en,,Young| E. H.,,Literary,Young| E. H.
8182,The Ghost of Guir House,en,,Beale| Charles Willing,,Ghost and Horror,Beale| Charles Willing
8383,Monsieur Maurice,en,,Edwards| Amelia Ann Blanford,,Literary,Edwards| Amelia Ann Blanford
8386,Ptomaine Street: The Tale of Warble Petticoat,en,,Wells| Carolyn,,Literary,Wells| Carolyn
8396,The Gentleman: A Romance of the Sea,en,,Ollivant| Alfred,,Sea and Adventure,Ollivant| Alfred
8403,Young People's Pride: A Novel,en,,Ben Stephen Vincent,,Literary,Ben Stephen Vincent
8464,Rest Harrow: A Comedy of Resolution,en,,Hewlett| Maurice,,Literary,Hewlett| Maurice
8522,The Puritans,en,,Bates| Arlo,,Literary,Bates| Arlo
8549,The Woman with the Fan,en,,Hichens| Robert,,Literary,Hichens| Robert
8569,The Far Horizon,en,,Malet| Lucas,,Literary,Malet| Lucas
8570,The Philistines,en,,Bates| Arlo,,Literary,Bates| Arlo
8596,The Wheel O' Fortune,en,,Tracy| Louis,,Literary,Tracy| Louis
8671,The Pagans,en,,Bates| Arlo,,Literary,Bates| Arlo
8711,The Living Link: A Novel,en,,Mille| James De,,Literary,Mille| James De
8741,The Brass Bowl,en,,Vance| Louis Joseph,,Literary,Vance| Louis Joseph
8805,From One Generation to Another,en,,Merriman| Henry Seton,,Literary,Merriman| Henry Seton
8865,Miss Theodosia's Heartstrings,en,,Donnell| Annie Hamilton,,Literary,Donnell| Annie Hamilton
8883,A Love Story,en,,Christie| William Harvey,,Literary,Christie| William Harvey
8899,Three Weeks,en,,Glyn| Elinor,,Love and Romance,Glyn| Elinor
9052,The Golden Calf,en,,Braddon| M. E.,,Literary,Braddon| M. E.
9087,Eleanor,en,,Ward| Mrs. Humphry,,Literary,Ward| Mrs. Humphry
9111,The Bride of Dreams,en,,Eeden| Frederik van,,Literary,Eeden| Frederik van
9189,Henry Dunbar: A Novel,en,,Braddon| M. E.,,Literary,Braddon| M. E.
9259,Charlotte's Inheritance,en,,Braddon| M. E.,,Literary,Braddon| M. E.
9305,One Day's Courtship- and The Heralds of Fame,en,,Barr| Robert,,Literary,Barr| Robert
9311,Hetty's Strange History,en,,Jackson| Helen Hunt,,Literary,Jackson| Helen Hunt
9362,Birds of Prey,en,,Braddon| M. E.,,Literary,Braddon| M. E.
9379,A Woman Intervenes,en,,Barr| Robert,,Literary,Barr| Robert
9387,Theresa Marchmont- the Maid of Honour: A Tale,en,,Gore| Mrs.,,Literary,Gore| Mrs.
9410,Helen of the Old House,en,,Wright| Harold Bell,,Literary,Wright| Harold Bell
9746,The Ashiel mystery: A Detective Story,en,,Bryce| Mrs. Charles,,Detective and Mystery,Bryce| Mrs. Charles
9747,The Fortune Hunter,en,,Smith| Winchell| Vance| Louis Joseph,,Literary,Smith| Winchell| Vance| Louis Joseph
9807,Scarhaven Keep,en,,Fletcher| J. S.,,Detective and Mystery,Fletcher| J. S.
9809,The Price of Things,en,,Glyn| Elinor,,Literary,Glyn| Elinor
9849,The Brown Mask,en,,Brebner| Percy James,,Sea and Adventure,Brebner| Percy James
9926,The Two Guardians - Home in This World,en,,Yonge| Charlotte M.,,Literary,Yonge| Charlotte M.
9927,The Bronze Bell,en,,Vance| Louis Joseph,,Sea and Adventure,Vance| Louis Joseph
9967,Mr. Waddington of Wyck,en,,Sinclair| May,,Literary,Sinclair| May
9993,Captivating Mary Carstairs,en,,Harrison| Henry Sydnor,,Literary,Harrison| Henry Sydnor
105JaneAusPersuatn,Persuasion,en,,Austen| Jane,,Literary,Austen| Jane
108DoyleReturnSherlk,Return of Sherlock Holmes,en,,Connan| Doyle,,Detective and Mystery,Connan| Doyle
1155Agatha2,The Secret Adversary,en,,Christie| Agatha,,Detective and Mystery,Christie| Agatha
11CarolAlice,Alice's Adventures in Wonderland,en,,Carroll| Lewis,,Literary,Carroll| Lewis
12CarolGlassLook,Through the Looking-Glass,en,,Carroll| Lewis,,Literary,Carroll| Lewis
1342JaneAustenPP,Pride and Prejudice,en,,Austen| Jane,,Literary,Austen| Jane
13720HermanVoyage1,Mardi: and A Voyage Thither I,en,,Melville| Herman,,Sea and Adventure,Melville| Herman
13721HermanVoyage2,Mardi: and A Voyage Thither ||,en,,Melville| Herman,,Sea and Adventure,Melville| Herman
1400DickensGreatExp,Great Expectations,en,,Dickens| Charles,,Literary,Dickens| Charles
141JaneAusMansPark,Mansfield Park,en,,Austen| Jane,,Literary,Austen| Jane
158JaneAustenEmma,Emma,en,,Austen| Jane,,Literary,Austen| Jane
161SJaneAusSensSensi,Sense and Sensibility,en,,Austen| Jane,,Literary,Austen| Jane
19337DickensChristCarl,A Christmas Carol,en,,Dickens| Charles,,Christmas Stories,Dickens| Charles
2097DoyleSignFour,The Sign of Four,en,,Connan| Doyle,,Detective and Mystery,Connan| Doyle
2147EdgarPoe1,The Works of Edgar Allan Poe I,en,,Poe| Edgar Allan,,Detective and Mystery,Poe| Edgar Allan
2148EdgarPoe2,The Works of Edgar Allan Poe II,en,,Poe| Edgar Allan,,Detective and Mystery,Poe| Edgar Allan
2149EdgarPoe3,The Works of Edgar Allan Poe III,en,,Poe| Edgar Allan,,Detective and Mystery,Poe| Edgar Allan
2150EdgarPoe4,The Works of Edgar Allan Poe IV,en,,Poe| Edgar Allan,,Detective and Mystery,Poe| Edgar Allan
21816HermanConfidence,The Confidence-Man,en,,Melville| Herman,,Literary,Melville| Herman
2684Galsw4,Five Tales,en,,Galsworthy| John,,Literary,Galsworthy| John
2701HermanMobyDick,Moby Dick,en,,Melville| Herman,,Sea and Adventure,Melville| Herman
2852DoyleHound,The Hound of the Baskervilles,en,,Connan| Doyle,,Detective and Mystery,Connan| Doyle
29042CarolTangTale,A Tangled Tale,en,,Carroll| Lewis,,Literary,Carroll| Lewis
2911Galsw2,Justice,en,,Galsworthy| John,,Literary,Galsworthy| John
2919Galsw5,The Little Man,en,,Galsworthy| John,,Literary,Galsworthy| John
34970HermanPierre,Pierre or The Ambiguities,en,,Melville| Herman,,Literary,Melville| Herman
4045HermanOmmo,Omoo Adventures in the South Seas,en,,Melville| Herman,,Sea and Adventure,Melville| Herman
4397Galsw1,The Forsyte Saga,en,,Galsworthy| John,,Literary,Galsworthy| John
4763CarolLogik,The Game of Logic,en,,Carroll| Lewis,,Literary,Carroll| Lewis
4765Galsw3,Loyalties,en,,Galsworthy| John,,Literary,Galsworthy| John
537DoyleTerrorTales,Tales of Terror and Mystery,en,,Connan| Doyle,,Detective and Mystery,Connan| Doyle
620CarolBruno,Sylvie and Bruno,en,,Carroll| Lewis,,Literary,Carroll| Lewis
730DickensOliverTw,Oliver Twist,en,,Dickens| Charles,,Literary,Dickens| Charles
766DickensDavidCopfld,David Copperfield,en,,Dickens| Charles,,Literary,Dickens| Charles
786DickensHardTimes,Hard Times,en,,Dickens| Charles,,Literary,Dickens| Charles
834DoyleMemoirsSherlk,Memoirs of Shelock Holmes,en,,Connan| Doyle,,Detective and Mystery,Connan| Doyle
863Agatha1,The Mysterious Affair at Styles,en,,Christie| Agatha,,Detective and Mystery,Christie| Agatha
98DickensTaleCities,A Tale of Two Cities,en,,Dickens| Charles,,Literary,Dickens| Charles
